nome,data_nascimento,genero,salario_bruto,gasto_total_gab,gasto_jan_gab,gasto_fev_gab,gasto_mar_gab,gasto_abr_gab,gasto_maio_gab,gasto_junho_gab,gasto_jul_gab,gasto_agosto_gab,gasto_set_gab,gasto_out_gab,gasto_nov_gab,gasto_dez_gab,presenca_plenario,ausencia_plenario,ausencia_justificada_plenario,presenca_comissao,ausencia_comissao,ausencia_justificada_comissao
ADRIANA MIGUEL VENTURA,06/03/1969,feminino,33763.0,32744.36,91.69,11201.41,6.17,12078.93,2012.14,3326.52,2525.67,464.61,481.48,555.74,0.0,,92,0,0,75,0,0
BEATRIZ KICIS TORRENTS DE SORDI,19/09/1961,feminino,33763.0,217096.59999999998,25190.49,25724.28,26105.29,27799.7,29874.33,15473.15,16116.39,14243.78,13146.49,22163.74,1258.96,,89,3,0,56,7,4
ALESSANDRA SILVA RIBEIRO,04/07/1974,feminino,33763.0,256412.0,21847.22,26068.76,54557.47,38257.92,39369.73,21249.25,15093.79,19228.94,15225.62,5513.3,0.0,,82,10,4,54,20,10
BENEDITA SOUZA DA SILVA SAMPAIO,26/04/1942,feminino,33763.0,278916.75,27548.63,36708.62,32332.8,38159.47,42904.22,28769.87,17965.43,15365.95,9555.15,28558.54,1048.07,,45,47,0,22,33,15
ÁUREA CAROLINA DE FREITAS E SILVA,20/11/1983,feminino,33763.0,297751.16,15477.79,17211.99,32300.99,50919.99,47628.8,36660.42,25545.07,22852.05,27143.68,22010.38,0.0,,75,17,0,22,10,5
ALINE SLEUTJES,26/07/1979,feminino,33763.0,266844.87,18718.1,42340.7,44589.79,28504.61,62024.69,25909.67,20829.47,10742.51,4466.72,8102.19,616.42,,81,11,0,25,12,5
ANGELA REGINA HEINZEN AMIN HELOU,20/12/1953,feminino,33763.0,335539.85000000003,32420.59,44149.4,54673.99,50177.8,45917.82,36925.47,34965.84,19369.26,7069.38,9738.31,131.99,,88,4,0,61,1,0
ALINE PARANHOS VARONIL GURGEL,25/11/1980,feminino,33763.0,425828.0,42916.79,55902.66,41953.93,40253.23,74755.05,10460.16,40552.36,44238.07,50064.19,24731.56,0.0,,78,14,3,16,34,27
CHRISTINE NOGUEIRA DOS REIS TONIETTO,14/05/1991,feminino,33763.0,133178.31,11369.6,10173.11,9970.3,13872.46,12050.51,19466.91,25628.43,11169.95,3255.31,15855.62,366.11,,88,4,2,59,10,6
CELINA LEAO HIZIM FERREIRA,02/03/1977,feminino,33763.0,101582.40000000001,1190.04,11101.64,13853.72,18215.77,17835.36,15949.33,14392.13,6642.14,2402.27,0.0,0.0,,71,21,19,18,24,23
BRUNA DIAS FURLAN VICENTE,28/04/1983,feminino,33763.0,77114.78,12812.15,15234.17,17325.26,17939.4,283.61,5769.8,6302.2,1448.19,,,,,39,4,4,0,0,0
HILKEA CARLA DE SOUZA MEDEIROS LIMA,02/07/1976,feminino,33763.0,321096.04000000004,24586.19,44761.07,52267.87,31382.92,38231.83,32701.13,15878.04,19847.11,20700.3,40204.82,534.76,,91,1,1,62,5,5
CAROLINE RODRIGUES DE TONI,01/09/1986,feminino,33763.0,108667.23,1577.63,10066.51,14101.09,11285.98,24174.38,15473.46,14468.42,7103.83,3096.89,5223.46,2095.58,,91,1,1,45,12,11
CARLA ZAMBELLI SALGADO DE OLIVEIRA,03/07/1980,feminino,33763.0,275642.88,35310.53,32694.44,28196.83,21729.23,51011.16,22816.95,21987.75,14571.57,14918.4,31400.35,1005.67,,79,13,1,10,17,12
CARMEN EMÍLIA BONFÁ ZANOTTO,06/10/1962,feminino,33763.0,239101.90999999997,15385.24,28801.18,31514.98,30373.86,35066.26,31040.14,26674.03,14544.84,11565.37,14136.01,0.0,,92,0,0,62,15,15
ALICE MAZZUCO PORTUGAL,16/05/1959,feminino,33763.0,380746.29,64843.86,35974.1,45630.28,30967.04,44643.22,33926.95,26133.78,37427.88,27482.05,33668.9,48.23,,91,1,1,70,28,28
EDNACE ALVES SILVESTRE HENRIQUE,04/09/1958,feminino,33763.0,245404.74999999997,21722.42,41564.86,44584.53,40428.22,32338.39,34109.42,30426.91,230.0,,,,,52,10,1,13,13,6
SORAYA DE SOUZA MANNATO,10/03/1961,feminino,33763.0,279649.17,31353.75,37397.79,57239.48,36607.77,43635.09,15176.75,23098.74,18128.98,8706.64,8304.18,0.0,,92,0,0,111,64,64
RENATA HELLMEISTER DE ABREU,15/04/1982,feminino,33763.0,208238.75999999998,31109.86,32113.25,42089.94,31671.65,42896.72,3728.86,22911.39,1717.09,,,,,48,14,0,5,28,18
VANDA DENIR MILANI NOGUEIRA,17/09/1953,feminino,33763.0,395931.24,45066.55,49027.62,29462.19,36127.46,71009.98,22618.07,41106.51,44816.37,25900.0,30796.49,0.0,,72,20,7,31,33,22
DANIELA MOTE DE SOUZA CARNEIRO,10/02/1976,feminino,33763.0,309318.38,35968.58,36604.61,48540.64,61049.56,50236.04,27308.97,20808.56,13155.35,11253.04,4366.75,26.28,,80,12,2,42,18,9
CLARISSA BARROS ASSED MATHEUS DE OLIVEIRA,02/07/1982,feminino,33763.0,297350.01,7971.69,16907.3,54747.61,49861.8,57969.92,53352.84,20869.99,15804.77,9631.78,10118.65,113.66,,86,6,6,37,14,14
DULCE FERREIRA PAGANI MIRANDA,15/12/1963,feminino,33763.0,385152.19999999995,17405.28,54422.42,66007.2,43629.27,48597.93,16964.63,42936.18,44081.35,12900.31,38029.26,178.37,,84,8,0,78,19,8
CHRISTIANE DE SOUZA YARED,23/02/1960,feminino,33763.0,330359.43999999994,23957.3,44324.43,35762.57,54189.41,41149.82,32246.76,23122.06,18987.0,15446.67,40295.66,877.76,,83,9,0,27,11,5
SAMIA DE SOUZA BOMFIM,22/08/1989,feminino,33763.0,320776.66000000003,29863.31,33173.07,52100.08,33373.57,49527.82,25800.86,31637.36,25034.27,10727.26,25539.06,4000.0,,78,14,0,32,3,3
ROSANA DE OLIVEIRA VALLE,08/05/1969,feminino,33763.0,337897.5,21183.33,29131.46,53484.17,52840.25,41134.85,34551.95,41195.46,30158.94,20867.06,13125.31,224.72,,87,5,2,44,4,2
ROSIANE MODESTO  DE OLIVEIRA,20/02/1978,feminino,33763.0,201387.81,16532.25,28174.06,22572.8,28359.47,28108.83,26531.02,14867.91,6958.44,8464.46,17350.1,3468.47,,77,15,6,0,4,4
ROSANGELA DE SOUZA GOMES,27/12/1966,feminino,33763.0,326569.1400000001,35619.36,53038.08,41099.12,30910.68,40356.2,24832.33,27594.88,28932.93,13329.32,30667.03,189.21,,77,15,0,2,0,0
SORAYA ALENCAR DOS SANTOS,04/12/1958,feminino,33763.0,247439.59999999998,30377.64,25882.69,44839.17,32605.66,18501.89,34461.17,25720.88,19262.46,5904.46,9654.69,228.89,,90,2,0,29,16,16
SHÉRIDAN ESTÉRFANY OLIVEIRA RAMOS,11/04/1984,feminino,33763.0,403635.64,47717.67,50310.81,47454.5,20489.75,41030.4,35713.64,41489.54,36464.07,37465.47,41866.9,3632.89,,53,39,4,0,3,3
SILVIA CRISTINA AMANCIO CHAGAS,15/01/1974,feminino,33763.0,325913.3900000001,38497.24,41381.49,41593.07,52095.78,77841.57,30489.93,21356.3,8189.34,4412.39,7253.38,2802.9,,89,3,1,55,36,31
TEREZA CRISTINA CORREA DA COSTA DIAS,06/07/1954,feminino,33763.0,152145.45,0.04,21629.55,17413.02,24574.99,29064.98,17058.41,14118.74,23763.02,4522.7,,,,63,6,4,59,7,6
TABATA CLAUDIA AMARAL DE PONTES,14/11/1993,feminino,33763.0,284592.2,38950.69,27888.06,35331.21,32068.77,49942.23,49334.59,25146.0,5016.41,3076.08,17821.14,17.02,,88,4,3,137,9,9
TALIRIA PETRONE SOARES,09/04/1985,feminino,33763.0,273733.18,35801.22,32189.96,31865.89,45403.28,29413.08,37323.98,24098.94,23355.39,10439.8,3279.24,562.4,,76,16,2,27,51,32
LUIZA ERUNDINA DE SOUSA,30/11/1934,feminino,33763.0,222485.05000000002,17316.28,17369.22,13312.38,23549.05,49196.58,41316.33,41450.36,18601.72,126.15,0.0,246.98,,78,14,0,37,23,14
VIVIANE DA COSTA REIS,05/08/1991,feminino,33763.0,364896.7100000001,50505.11,33624.12,47121.22,42779.32,38398.45,36910.98,40803.83,27107.07,21698.14,25660.38,288.09,,81,11,0,79,39,21
TEREZA NELMA DA SILVA PORTO VIANA SOARES,07/10/1957,feminino,33763.0,366423.0699999999,42581.54,41297.61,47878.77,54271.73,56885.66,33460.03,30126.11,27479.91,24726.16,3330.45,4385.1,,79,13,0,103,85,36
FABIANA SILVA DE SOUZA,09/01/1980,feminino,33763.0,246957.41999999998,19669.14,45316.31,52715.53,30152.26,32781.41,27385.49,25479.97,6199.02,5005.38,1966.38,286.53,,76,16,5,22,4,0
LUIZIANNE DE OLIVEIRA LINS,18/11/1968,feminino,33763.0,394598.68,43009.21,49188.28,62832.39,40398.85,50556.05,27655.84,25583.94,56182.22,8648.41,30543.49,0.0,,82,10,3,5,16,10
MAGDA MOFATTO HON,26/10/1948,feminino,33763.0,247802.06,41429.43,31068.63,47136.54,47632.39,46414.73,19428.88,6001.17,8505.69,115.33,69.27,0.0,,77,15,12,28,42,36
MARIA DO ROSÁRIO NUNES,22/11/1966,feminino,33763.0,390276.93,45949.2,43740.41,69986.28,49177.17,42746.98,41192.91,36138.61,26246.21,12312.33,20699.73,2087.1,,77,15,9,48,34,22
CYLMARA FERNANDES DA ROCHA GRIPP,04/09/1973,feminino,33763.0,431336.2,56886.05,57867.3,54199.26,62724.01,46657.4,33841.62,21007.85,23443.28,30345.94,44363.49,0.0,,77,15,1,30,22,16
MARGARETE DE CASTRO COELHO,12/03/1961,feminino,33763.0,379382.14,45113.84,50976.4,52735.6,50764.85,28872.48,40798.7,35963.33,15107.77,13877.11,44057.01,1115.05,,81,11,1,58,27,18
MARÍLIA VALENÇA ROCHA ARRAES DE ALENCAR,12/04/1984,feminino,33763.0,279644.77,13902.07,25170.41,93784.61,29683.86,54406.01,14216.62,21165.2,10306.43,9508.71,7182.99,317.86,,64,28,7,3,10,5
MARIA DO PARTO MENDES ROSAS,01/10/1965,feminino,33763.0,187328.36,18825.99,31183.42,39925.5,29239.92,24673.76,27178.62,16101.15,200.0,,,,,62,0,0,41,2,2
MARIANA FONSECA RIBEIRO CARVALHO DE MORAES,26/11/1986,feminino,33763.0,203702.63999999998,20869.22,24814.35,47199.17,40425.87,61996.18,1826.39,6249.12,322.34,,,,,53,8,4,14,10,6
NORMA AYUB ALVES,07/09/1959,feminino,33763.0,282558.92,19354.87,22480.29,25213.93,34202.81,34648.47,33963.01,31584.22,23186.05,21829.52,33181.5,2914.25,,77,15,1,20,13,5
MARINA SANTOS BATISTA DIAS,13/09/1980,feminino,33763.0,357095.02,23811.47,41587.12,38764.57,41760.61,35827.39,43099.71,38934.07,25951.64,26865.0,39929.24,564.2,,90,2,0,6,13,12
NATÁLIA BASTOS BONAVIDES,15/06/1988,feminino,33763.0,339385.8,31946.09,31413.95,72688.49,54961.85,61905.75,41735.22,31051.52,7935.3,2706.85,2967.78,73.0,,86,6,0,16,19,15
MARIA PERPÉTUA DE ALMEIDA,28/12/1964,feminino,33763.0,397294.7199999999,40876.75,38531.07,65864.03,66620.97,53571.92,37080.29,43254.26,14245.86,16783.06,19979.66,486.85,,86,6,2,56,35,27
PATRICIA LIMA FERRAZ,09/01/1980,feminino,33763.0,61259.97,7370.23,52876.43,1013.31,,,,,,,,,,10,0,0,0,0,0
PAULA MORENO PARO BELMONTE,23/06/1973,feminino,33763.0,0,0.0,0.0,0.0,0.0,0.0,0.0,0.0,0.0,0.0,0.0,0.0,,87,5,3,62,33,27
MARIA AUXILIADORA SEABRA REZENDE,01/10/1964,feminino,33763.0,244204.17,20187.34,51058.21,42305.79,52041.49,47722.61,22610.88,8277.85,0.0,,,,,71,3,3,69,44,41
KATIA DA SILVA SASTRE,04/04/1976,feminino,33763.0,373876.62999999995,34893.09,34694.24,64166.28,35385.2,36339.7,38923.8,34961.86,43018.05,29335.74,22064.62,94.05,,91,1,1,38,19,19
DAYANE JAMILLE CARNEIRO DOS SANTOS PIMENTEL,30/01/1986,feminino,33763.0,221802.92,24757.35,14536.29,33354.13,32630.75,38636.18,25835.19,21096.42,20196.27,4322.45,6205.76,232.13,,67,25,8,24,29,16
REJANE RIBEIRO SOUSA DIAS,04/09/1972,feminino,33763.0,241602.52,16913.54,23065.31,34072.61,41316.06,35393.2,27658.11,30276.4,10634.6,10120.33,11597.34,555.02,,90,2,2,65,33,33
MARCIVANIA DO SOCORRO DA ROCHA FLEXA,21/06/1973,feminino,33763.0,372618.22000000003,73518.31,24414.79,47486.37,49562.35,28947.17,39390.78,27825.99,17636.42,7350.58,50485.46,6000.0,,91,1,1,34,7,7
ROSA NEIDE SANDES DE ALMEIDA,08/08/1963,feminino,33763.0,360348.67,35689.04,50953.17,65702.41,36747.44,42534.13,32039.17,23335.58,18867.29,10899.48,23046.77,20534.19,,88,4,1,40,9,5
ÉRIKA JUCÁ KOKAY,15/08/1957,feminino,33763.0,219455.00999999998,21175.36,26961.36,57030.55,8623.76,69810.79,1267.02,375.92,393.19,354.58,33212.46,250.02,,90,2,1,132,17,16
ELCIONE THEREZINHA ZAHLUTH BARBALHO,05/10/1944,feminino,33763.0,324749.25000000006,18282.77,21903.47,42172.9,54698.46,50424.42,44680.57,25428.51,30182.96,15955.03,18147.74,2872.42,,74,18,10,11,18,15
ELIZA VIRGINIA DE SOUZA FERNANDES,02/04/1972,feminino,33763.0,134550.51,5603.62,34615.41,16715.86,59255.5,18360.12,,,,,,,,16,1,1,8,3,3
FLÁVIA CARREIRO ALBUQUERQUE MORAIS,26/04/1969,feminino,33763.0,292573.52999999997,31961.04,33702.59,35431.93,33636.11,33829.17,29972.17,26739.93,26234.48,22945.49,18042.05,78.57,,86,6,0,123,4,0
FERNANDA MELCHIONNA E SILVA,02/02/1984,feminino,33763.0,300960.05000000005,20500.17,21194.89,56736.14,41442.21,70363.57,28035.03,34736.5,7126.13,2302.5,13667.64,4855.27,,88,4,3,54,9,9
FLÁVIA CAROLINA PÉRES,21/01/1980,feminino,33763.0,97678.83,0.0,6864.73,10563.71,18634.34,15284.18,16185.53,14441.81,15704.53,0.0,,,,60,9,4,0,4,3
GREYCE DE QUEIROZ ELIAS,15/12/1981,feminino,33763.0,174934.57999999996,14671.44,21074.8,21705.97,35221.54,45590.67,15599.72,12425.68,2786.62,2040.22,3377.12,440.8,,77,15,3,28,22,18
Geovânia de Sá,30/03/1972,feminino,33763.0,307449.27,24548.31,31895.95,46155.4,48301.66,38575.18,41038.25,24556.46,10926.74,3937.68,25505.13,12008.51,,91,1,0,15,0,0
GLEISI HELENA HOFFMANN,06/09/1965,feminino,33763.0,356166.14999999997,48759.04,47652.4,59416.08,55375.62,43129.42,20852.42,26211.68,23293.93,17899.82,13254.54,321.2,,66,26,0,3,5,4
DIRLAINE JAQUELINE CASSOL,03/12/1974,feminino,33763.0,301704.5899999999,38881.19,35836.11,33841.17,57249.08,71115.17,20997.72,21444.7,11534.22,2240.92,7424.0,1140.31,,81,11,3,47,23,15
JANDIRA FEGHALI,17/05/1957,feminino,33763.0,302788.13,16677.6,41606.05,42043.96,41561.42,33766.08,35266.15,30544.63,18967.72,23146.67,18355.15,852.7,,91,1,1,41,28,28
IRACEMA MARIA PORTELLA NUNES NOGUEIRA LIMA,23/04/1966,feminino,33763.0,160103.58,33126.14,37905.45,54717.25,-799.73,17561.17,8098.8,9441.57,52.93,,,,,35,4,4,0,0,0
JOICE CRISTINA HASSELMANN,29/01/1978,feminino,33763.0,301731.54999999993,25636.1,21173.13,72944.98,50332.77,44859.38,25702.26,16939.86,18265.67,20711.16,5166.24,0.0,,87,5,0,57,6,3
JESSICA ROJAS SALES,28/11/1980,feminino,33763.0,372946.86,36557.22,42553.73,47072.55,56770.07,58428.19,3133.62,11486.12,8024.13,2921.23,106000.0,0.0,,42,50,5,0,18,2
JOENIA BATISTA DE CARVALHO,20/04/1973,feminino,33763.0,407075.81,36130.43,59868.3,85352.21,48106.28,35824.32,43428.93,39248.21,28261.77,13771.27,16656.8,427.29,,83,9,0,98,27,15
LEDA MARIA SADALA BRITO,11/06/1966,feminino,33763.0,358256.91,32892.4,30026.99,54798.85,53049.21,51266.85,41748.71,31911.86,37292.55,15145.93,9778.56,345.0,,72,20,2,24,23,15
LAURIETE RODRIGUES DE JESUS,23/02/1970,feminino,33763.0,274661.02,28596.39,36787.02,28706.65,38112.66,49288.05,30104.05,18543.11,15764.41,15009.24,7961.74,5787.7,,89,3,0,48,4,2
LEANDRE DAL PONTE,20/12/1975,feminino,33763.0,363544.56,30663.14,49384.33,39707.22,42738.34,55109.67,32174.71,34082.73,28823.07,17999.54,31319.22,1542.59,,80,12,2,31,27,23
LUISA CANZIANI DOS SANTOS SILVEIRA,11/04/1996,feminino,33763.0,286024.63000000006,27680.49,45240.66,36807.66,34716.65,40742.27,35801.06,23760.78,18969.09,8973.68,13325.09,7.2,,82,10,10,18,48,48
LIZIANE BAYER DA COSTA,24/01/1981,feminino,33763.0,432416.41,24410.68,44680.51,52608.27,52869.92,60599.67,33727.59,34144.01,32890.25,31283.06,49719.23,15483.22,,92,0,0,54,19,18
LÍDICE DA MATA E SOUZA,12/03/1956,feminino,33763.0,312474.98,24968.53,36055.08,41685.69,36945.93,64741.89,25591.94,29647.64,17038.04,9156.67,25337.58,1305.99,,89,3,0,56,4,0
FERNANDO RODOLFO TENORIO DE VASCONCELOS,17/11/1983,masculino,33763.0,301147.25999999995,34398.75,35640.31,46954.27,61790.5,42253.99,30175.92,26376.1,10140.69,7883.19,5533.54,0.0,,83,9,5,17,54,51
FERNANDO MONTEIRO DE ALBUQUERQUE,17/09/1976,masculino,33763.0,320877.6499999999,33166.59,36756.35,50815.63,46090.78,35207.06,35106.58,33522.18,12348.74,7355.49,29824.28,683.97,,87,5,0,17,7,3
FERNANDO BEZERRA DE SOUZA COELHO FILHO,28/02/1984,masculino,33763.0,284724.73,32904.38,35321.53,46599.6,42640.35,22991.65,38141.86,34943.44,7902.03,1571.47,20930.42,778.0,,81,11,6,6,43,39
FLÁVIO RODRIGUES NOGUEIRA,27/02/1953,masculino,33763.0,395772.41,38329.27,41835.51,39604.13,37048.37,42494.03,47068.0,42082.62,36727.61,36484.39,34098.48,0.0,,91,1,0,39,4,4
FILIPE BARROS BAPTISTA DE TOLEDO RIBEIRO,29/05/1991,masculino,33763.0,282154.57,39534.77,31282.38,49744.0,46765.21,50641.59,43365.67,18271.75,239.65,40.19,1509.17,760.19,,82,10,0,13,13,10
FLAVIANO FLÁVIO BAPTISTA DE MELO,17/11/1949,masculino,33763.0,438870.20999999996,34282.68,37155.36,51227.13,29713.9,79405.7,25480.53,38048.4,39592.1,54822.12,29142.29,20000.0,,82,10,0,3,1,1
FREDERICO BORGES DA COSTA,12/07/1977,masculino,33763.0,284352.3300000001,14730.3,29479.43,41701.41,55095.45,44266.74,24177.23,21336.08,23057.48,15301.98,12687.52,2518.71,,83,9,0,14,6,5
FRANCO CARTAFINA GOMES,03/11/1986,masculino,33763.0,318135.19999999995,28065.1,33009.58,43304.17,45119.68,52088.32,34699.31,22247.15,51692.11,5409.62,2332.94,167.22,,86,6,3,44,19,15
FRANCISCO RODRIGUES VALE JUNIOR,15/03/1969,masculino,33763.0,309142.86000000004,17093.58,30616.27,50032.21,33547.1,38718.63,30008.06,31405.2,20504.95,10000.71,26688.21,20527.94,,87,5,2,25,8,6
GENECIAS MATEUS NORONHA,13/03/1963,masculino,33763.0,181416.71000000002,6912.14,17143.52,33463.86,26327.99,19477.71,14497.11,13104.39,10260.84,26907.04,13322.11,0.0,,58,34,3,0,0,0
ANTONIO RIBEIRO,03/03/1944,masculino,33763.0,361343.24,40812.78,41699.11,53527.13,42212.73,53135.08,32573.14,21560.81,17788.85,19494.29,37582.25,957.07,,86,6,0,30,18,14
GELSON DE AZEVEDO ALMEIDA,10/01/1965,masculino,33763.0,320500.7300000001,17208.87,18142.04,73589.54,23955.82,60671.3,21380.73,24088.36,10719.92,15215.86,4613.07,50915.22,,88,4,4,17,13,13
EUGENIO JOSÉ ZULIANI,13/01/1976,masculino,33763.0,285492.67,35715.9,40468.18,42837.22,40713.17,63995.25,18553.55,16151.75,15973.11,2755.29,7600.75,728.5,,51,41,24,9,54,37
ELIÉSER GIRÃO MONTEIRO FILHO,08/05/1955,masculino,33763.0,358841.94000000006,37148.25,58184.62,39315.76,43316.28,45230.05,37619.01,23969.66,26317.64,11257.52,35733.77,749.38,,85,7,3,47,9,6
ROBERTO SEBASTIÃO PETERNELLI JUNIOR,06/08/1954,masculino,33763.0,219516.19999999998,17011.69,44800.56,44569.19,22660.96,25933.02,28500.81,13743.54,9053.72,5578.56,7617.8,46.35,,89,3,3,132,21,21
GILLIANO FRED NASCIMENTO CUTRIM,26/10/1979,masculino,33763.0,406001.14,46898.79,47176.96,48122.54,51226.09,58582.87,18377.58,25986.45,21934.68,12653.68,75041.5,0.0,,76,16,11,22,31,27
GERVÁSIO AGRIPINO MAIA,14/04/1975,masculino,33763.0,269558.98,23330.03,37075.33,36581.92,43748.87,45588.36,26193.97,18498.45,14012.0,10194.19,13781.2,554.66,,81,11,6,36,19,14
FERNANDO LÚCIO GIACOBO,17/12/1970,masculino,33763.0,369972.81,27455.42,49074.18,58575.31,7832.83,52242.7,38497.82,8820.58,6333.82,4309.92,66740.23,50090.0,,86,6,5,13,8,7
GILSON MARQUES VIEIRA,12/04/1981,masculino,33763.0,50883.26,3483.84,5736.09,5095.21,6494.69,11767.82,7335.78,6816.37,1383.89,3.11,2766.46,0.0,,88,4,0,40,10,5
GILBERTO APARECIDO ABRAMO,06/08/1966,masculino,33763.0,276601.65,18146.52,22003.33,27404.71,34209.75,32718.06,23558.03,15039.8,18280.76,12603.88,12846.34,59790.47,,85,7,5,19,7,6
GILBERTO NASCIMENTO SILVA,09/07/1956,masculino,33763.0,404619.87999999995,42667.83,49626.23,52149.16,48827.83,41954.56,33307.84,45287.25,30344.91,25638.8,28819.14,5996.33,,65,27,0,29,12,9
DANIEL GOMES DE ALMEIDA,21/01/1955,masculino,33763.0,355283.65,58756.35,47548.42,44459.65,51389.18,32596.32,29676.29,18598.64,16188.74,14756.9,40472.41,840.75,,90,2,0,38,37,37
GIOVANI BATISTA FELTES,10/04/1957,masculino,33763.0,292295.12,32091.85,37369.29,35989.03,63623.79,29111.39,20875.74,31955.95,26391.45,5880.69,7923.74,1082.2,,91,1,1,18,4,4
GIOVANI CHERINI,23/06/1960,masculino,33763.0,418832.82999999996,35135.42,42357.46,49953.41,49975.7,53766.31,54876.19,39994.44,42715.35,21531.51,27017.18,1509.86,,86,6,3,40,16,13
DANIEL LUCIO DA SILVEIRA,25/11/1982,masculino,33763.0,304626.80999999994,35637.58,37560.86,37098.84,37913.96,39709.62,33297.09,28745.65,27784.42,13563.62,12600.99,714.18,,89,3,2,87,59,58
DANIEL PIRES COELHO,04/11/1978,masculino,33763.0,356643.22,56899.01,47545.19,47271.2,44454.63,36128.3,30323.85,32107.75,22965.49,20599.99,18151.21,196.6,,91,1,1,6,0,0
DANIEL COSTA DE FREITAS,03/04/1982,masculino,33763.0,302402.22000000003,38606.89,24248.4,40255.97,47999.13,45138.9,30847.1,32894.95,25917.35,4096.46,12109.81,287.26,,77,15,15,3,0,0
FRANCISCO DANILO BASTOS FORTE,01/09/1958,masculino,33763.0,397193.34,67906.91,48807.99,40578.79,52959.1,80716.86,57550.28,22707.17,9622.62,6546.36,9678.36,118.9,,86,6,3,42,23,21
DANIEL TRZECIAK DUARTE,04/11/1986,masculino,33763.0,213490.94999999998,9307.83,15955.97,16366.04,39352.32,18241.57,20817.46,28100.3,16051.09,16840.25,32070.78,387.34,,86,6,0,31,14,6
DANILO JORGE DE BARROS CABRAL,21/04/1967,masculino,33763.0,281851.63,23243.32,23195.87,25003.47,45722.17,49445.71,26152.01,32469.21,12877.47,8866.71,34035.51,840.18,,83,9,6,8,28,22
DAVID MICHAEL DOS SANTOS MIRANDA,10/05/1985,masculino,33763.0,242667.94999999998,35259.28,43349.65,32853.62,45091.15,29890.05,33147.86,10128.77,8151.54,-817.25,5613.28,0.0,,66,26,11,23,11,7
DANRLEI DE DEUS HINTERHOLZ,18/04/1973,masculino,33763.0,219361.53999999998,0.0,39413.57,38636.46,43580.07,37837.68,23198.87,19647.18,17047.71,0.0,,,,50,18,11,17,36,27
DARCI DE MATOS,08/11/1961,masculino,33763.0,267165.44999999995,27456.09,37612.31,39593.29,38942.67,42279.75,18366.03,26329.15,14161.38,1290.05,20268.72,866.01,,80,12,10,55,12,9
EDER MAURO CARDOSO BARRA,14/12/1960,masculino,33763.0,325195.22000000003,46351.28,56697.2,17871.34,52514.33,52104.65,51446.49,39019.7,6514.58,2675.65,0.0,0.0,,79,13,10,4,12,12
DAVID BEZERRA RIBEIRO SOARES,21/12/1973,masculino,33763.0,183939.37,31858.14,35507.14,29111.16,37770.69,23083.39,13606.57,7900.18,4802.08,300.02,,,,63,14,3,47,13,1
ANTÔNIO DA LUZ FURTADO,06/01/1972,masculino,33763.0,287916.41,34263.89,43088.49,42959.2,32920.98,47359.21,16303.12,19852.22,12243.23,8092.66,27244.72,3588.69,,90,2,1,73,25,19
WALDIR SOARES DE OLIVEIRA,28/11/1962,masculino,33763.0,149309.65,14119.59,16610.96,17642.5,17254.73,17514.69,15282.52,15088.53,12955.79,10015.33,11921.51,903.5,,86,6,0,7,49,44
MARCELO EDUARDO FREITAS,04/03/1976,masculino,33763.0,286966.3,31421.05,43796.1,33737.54,24745.4,39348.34,29355.58,26303.93,19417.0,19550.28,18633.84,657.24,,80,12,8,66,2,1
PABLO OLIVA SOUZA,26/07/1976,masculino,33763.0,367311.08,28267.0,51491.99,65512.79,64732.08,41341.87,31189.75,32398.76,26832.2,17440.0,7823.37,281.27,,78,14,14,112,30,30
DIEGO ALEXSANDER GONCALO PAULA GARCIA,10/10/1984,masculino,33763.0,263829.84,9153.29,13917.88,34929.43,39069.9,47847.45,36301.69,32663.59,20367.53,6819.55,16986.39,5773.14,,89,3,0,134,46,43
DENIS ANDERSON DA ROCHA BEZERRA,17/03/1980,masculino,33763.0,390160.91000000003,46094.78,53674.69,52475.51,52185.85,40861.85,33475.4,24901.37,18145.39,17544.23,34229.57,16572.27,,88,4,3,70,10,9
DIEGO LEONARDO DE ANDRADE CARVALHO,08/08/1977,masculino,33763.0,210900.53000000006,28386.47,32013.45,29883.01,17554.55,41393.91,15224.17,22079.82,8663.35,7497.89,8203.91,0.0,,70,22,0,7,20,9
DOMINGOS SÁVIO CAMPOS RESENDE,25/03/1957,masculino,33763.0,310203.17000000004,24341.19,52616.35,43947.22,32735.37,48074.76,26928.66,27300.43,24815.98,18843.4,9599.0,1000.81,,87,5,2,29,7,6
DIMAS FABIANO TOLEDO JÚNIOR,23/05/1973,masculino,33763.0,280809.69,30575.4,29897.78,33987.99,37782.58,34645.39,23877.46,33775.98,26291.36,16347.48,12634.33,993.94,,86,6,1,18,4,1
DOMINGOS GOMES DE AGUIAR NETO,29/04/1988,masculino,33763.0,345830.10000000003,33731.48,52313.1,36169.17,53317.93,77719.59,22751.47,19502.64,3346.59,2837.01,44141.12,0.0,,79,13,7,30,31,25
JAZIEL PEREIRA DE SOUSA,03/05/1961,masculino,33763.0,332318.9799999999,53231.07,44873.85,55545.89,35428.27,35377.77,36517.71,20837.34,20773.89,21505.53,8227.66,0.0,,69,23,20,12,27,26
LUIZ ANTONIO DE SOUZA TEIXEIRA JÚNIOR,15/12/1973,masculino,33763.0,265865.27999999997,27501.17,33784.37,41465.77,43233.68,38833.58,24163.31,23117.56,18685.19,9521.87,5508.98,49.8,,67,25,25,14,22,22
FREDERICO DE CASTRO ESCALEIRA,24/03/1977,masculino,33763.0,309958.32,31170.62,36914.75,41257.27,38087.59,42514.0,33769.22,28862.16,24728.5,11486.99,20931.45,235.77,,83,9,9,24,57,57
ZACARIAS CALIL HAMU,05/11/1953,masculino,33763.0,227743.53,25614.66,32870.88,33504.56,32975.66,32600.29,18394.14,17770.75,7364.25,5479.94,20331.91,836.49,,82,10,4,85,33,27
LEONARDO RIBEIRO ALBUQUERQUE,14/06/1978,masculino,33763.0,318671.43,42371.4,36053.31,43935.6,51992.4,41703.89,36956.95,29525.44,11128.25,9478.35,15240.77,285.07,,91,1,1,27,3,2
LUIZ ALBERTO OVANDO,25/09/1949,masculino,33763.0,352851.72,40038.05,41231.34,52947.39,46480.82,47335.38,30870.88,29474.27,27038.62,21752.29,13797.33,1885.35,,86,6,1,70,12,12
EDUARDO LUIZ BARROS BARBOSA,25/08/1958,masculino,33763.0,244717.26,22913.32,25992.8,30951.65,37263.0,34686.06,29255.32,23832.28,9244.83,5608.98,24588.51,380.51,,92,0,0,91,17,17
ÉDIO VIEIRA LOPES,04/01/1952,masculino,33763.0,352768.45999999996,42432.81,39836.4,47117.63,54268.93,97784.62,14519.68,22739.81,16900.14,1349.74,15390.97,427.73,,71,21,16,18,7,5
EDILAZIO GOMES DA SILVA JUNIOR,04/05/1981,masculino,33763.0,274890.22,29645.7,67991.37,21709.65,54054.0,19692.5,28378.82,18023.27,5308.77,14235.23,15850.91,0.0,,87,5,0,12,1,0
JOSE EDUARDO PEREIRA DA COSTA,16/02/1968,masculino,33763.0,331132.52999999997,37602.77,29483.97,45130.56,42628.52,64988.16,22063.45,21894.85,13694.3,16136.05,37509.9,0.0,,83,9,0,10,15,9
EDUARDO HENRIQUE MAIA BISMARCK,14/11/1981,masculino,33763.0,384464.1699999999,42771.78,48433.07,53046.89,40615.87,53171.37,35061.57,49986.03,24512.53,5591.91,31221.24,51.91,,81,11,0,72,16,9
EDUARDO NANTES BOLSONARO,10/07/1984,masculino,33763.0,290688.8,19129.11,45801.56,20862.74,34033.24,20812.35,36151.56,54678.4,29120.22,20452.3,9195.67,451.65,,76,16,2,27,18,12
EFRAIM DE ARAÚJO MORAIS FILHO,18/03/1979,masculino,33763.0,265206.48999999993,31920.25,54289.28,52463.46,51650.4,42763.1,7412.58,9627.39,8755.96,1.36,5893.42,429.29,,73,19,10,6,19,14
EDUARDO PEDROSA CURY,19/09/1963,masculino,33763.0,331140.60000000003,44245.79,43411.0,38868.35,28628.41,38316.02,37405.99,32488.4,25399.98,15738.89,25605.38,1032.39,,88,4,1,73,4,3
EDUARDO HENRIQUE DA FONTE DE ALBUQUERQUE SILVA,17/10/1972,masculino,33763.0,325846.26,34083.35,42566.48,45258.71,48013.04,46806.07,25355.86,21639.01,25533.18,16566.48,20024.08,0.0,,84,8,5,2,41,40
ELIAS VAZ DE ANDRADE,04/07/1966,masculino,33763.0,167084.01,15838.58,26200.21,25592.46,27999.68,27596.14,12853.99,11787.89,3017.22,323.45,15362.24,512.15,,82,10,1,81,19,14
ELI DIAS BORGES,01/09/1960,masculino,33763.0,388319.94000000006,31188.98,46066.46,51592.15,46239.19,48724.2,43313.71,41770.08,35826.39,32575.57,10263.37,759.84,,81,11,11,6,11,11
ADRIANO ELI CORRÊA,13/01/1976,masculino,33763.0,263625.28,22593.3,23225.37,28285.66,57687.8,56126.53,30297.57,22196.45,6522.28,421.69,16268.63,0.0,,82,10,10,42,27,27
EMIDIO ALVES MADEIRA JUNIOR,10/03/1967,masculino,33763.0,299996.22000000003,56761.57,45061.77,39330.09,32196.96,44434.07,26760.94,20847.93,15245.77,11938.26,7418.86,0.0,,80,12,0,16,6,2
ELMAR JOSE VIEIRA NASCIMENTO,06/07/1970,masculino,33763.0,389079.82,11585.43,41325.81,49088.47,60314.77,42793.2,47062.33,37636.26,47299.08,35534.24,16440.23,0.0,,68,24,0,1,0,0
EMANUEL PINHEIRO DA SILVA PRIMO,05/01/1995,masculino,33763.0,257192.94,18918.9,40897.04,43529.5,29158.03,34158.66,52895.35,15688.43,14630.6,825.9,6028.96,461.57,,70,22,19,11,8,7
EROS FERREIRA BIONDINI,20/05/1971,masculino,33763.0,281611.85000000003,22401.97,30438.97,33405.69,31526.03,36712.77,29487.2,35290.07,20709.2,17992.3,21750.88,1896.77,,88,4,0,33,15,14
ENIO JOSÉ VERRI,27/03/1961,masculino,33763.0,347461.55999999994,38190.58,37467.64,68879.63,38986.43,43960.07,29704.02,25886.97,22258.37,24764.98,17302.87,60.0,,89,3,1,32,4,4
ENRICO VAN BLARCUM DE GRAAFF MISASI,06/08/1994,masculino,33763.0,312553.9799999999,24947.21,28095.55,42425.59,43740.7,54222.55,37817.19,41206.87,22642.88,16871.36,525.61,58.47,,87,5,5,43,21,21
EXPEDITO GONCALVES FERREIRA NETTO,05/10/1988,masculino,33763.0,220835.30999999997,14767.54,30093.83,31810.97,30510.09,25416.15,18925.02,27570.19,12641.28,1388.85,26729.31,982.08,,82,10,1,2,19,16
EUCLYDES MARCOS PETTERSEN NETO,15/08/1984,masculino,33763.0,239749.55000000002,39458.55,34224.98,28593.33,36303.64,35945.83,21880.35,11556.55,10510.19,6865.31,11508.98,2901.84,,77,15,1,6,19,13
EVAIR VIEIRA DE MELO,02/04/1972,masculino,33763.0,313850.79,38264.38,46197.13,61029.26,38441.09,43315.06,24394.91,23069.95,14844.44,2615.55,21562.76,116.26,,87,5,2,67,5,4
FÁBIO AUGUSTO RAMALHO DOS SANTOS,22/12/1961,masculino,33763.0,289106.94000000006,37959.25,46993.7,34431.36,27698.63,36101.94,23280.97,25058.29,19706.66,17071.96,19557.03,1247.15,,88,4,4,19,17,17
FABIO HENRIQUE SANTANA DE CARVALHO,19/06/1972,masculino,33763.0,368613.32,40955.79,38278.23,46688.34,53420.14,51837.95,35534.63,55589.55,24846.87,10956.64,10467.67,37.51,,90,2,2,75,22,22
FABIO CRUZ MITIDIERI,24/02/1977,masculino,33763.0,227041.28,35258.61,43620.72,33042.39,44648.72,45112.33,24812.68,545.83,0.0,,,,,54,18,8,17,27,19
FÁBIO RICARDO TRAD,18/08/1969,masculino,33763.0,152297.71,9479.45,21339.35,11214.78,41034.1,25209.13,12053.32,5465.7,14089.48,2400.9,10011.5,0.0,,90,2,1,88,3,3
FABIO DE ALMEIDA REIS,15/04/1977,masculino,33763.0,312655.57,39865.8,33581.68,32144.11,43493.01,38648.54,34772.71,32086.43,21185.4,13796.32,22090.53,991.04,,80,12,8,35,1,1
FÁBIO LUIZ SCHIOCHET FILHO,31/05/1988,masculino,33763.0,376844.52999999997,37195.31,41648.6,42043.11,46815.31,43700.43,50091.13,31304.74,25939.12,21593.26,32923.73,3589.79,,85,7,4,20,7,5
FELIPE AUGUSTO LYRA CARRERAS,16/04/1975,masculino,33763.0,179450.40999999997,14274.35,25074.36,19915.93,14515.87,21740.82,16037.4,21745.42,29974.45,4715.52,11456.29,0.0,,77,15,11,70,42,41
FAUSTO RUY PINATO,01/06/1977,masculino,33763.0,325423.52999999997,23272.69,28054.73,37320.63,39811.88,63069.18,29443.84,35430.36,32548.24,26577.3,9821.07,73.61,,77,15,3,43,22,11
FELÍCIO LATERÇA DE ALMEIDA,26/05/1967,masculino,33763.0,349386.69999999995,33761.68,41861.86,62060.32,40359.41,38642.49,19555.55,31845.6,22935.73,20966.82,36390.31,1006.93,,84,8,1,103,12,6
FELIX DE ALMEIDA MENDONÇA JÚNIOR,29/11/1963,masculino,33763.0,319162.29,30256.2,36235.51,35264.16,42584.56,50388.49,23719.29,43121.12,20178.34,14497.37,20897.48,2019.77,,86,6,0,30,24,16
LUIS FELIPE BONATTO FRANCISCHINI,02/10/1991,masculino,33763.0,290395.16,36420.46,40851.46,28714.76,44628.8,52025.43,41969.22,15569.99,12110.34,3776.09,14128.61,200.0,,86,6,4,26,40,39
FELIPE RIGONI LOPES,13/06/1991,masculino,33763.0,313806.07999999996,41526.2,38040.74,37743.41,40781.58,54439.33,34092.96,18297.1,23638.57,8762.92,15046.17,1437.1,,86,6,0,84,39,32
CASSIO COELHO ANDRADE,12/09/1981,masculino,33763.0,307608.33,21728.53,32899.83,26323.38,50683.51,58046.3,36031.58,14449.73,9264.77,3863.84,54316.86,0.0,,70,22,0,36,40,25
JOSÉ CARLOS VERAS DOS SANTOS,10/08/1981,masculino,33763.0,345824.22,23450.32,50658.26,60586.84,37074.81,65132.56,29707.3,34668.74,24844.59,5992.91,12474.14,1233.75,,89,3,0,42,41,33
CARLOS ALBERTO ROLIM ZARATTINI,08/06/1959,masculino,33763.0,297688.94,27151.54,32367.11,64118.33,25278.01,55777.06,28292.59,25051.27,14054.68,10433.06,13858.47,1306.82,,86,6,4,20,20,19
CELIO STUDART BARBOSA,19/06/1987,masculino,33763.0,334771.25000000006,42405.28,77088.77,34915.78,50390.81,46271.91,22564.85,25601.39,14660.4,4343.55,16378.51,150.0,,80,12,9,16,19,16
CELIO ALVES DE MOURA,13/08/1953,masculino,33763.0,434157.95999999996,31534.98,24693.74,51336.16,56438.8,65154.84,58388.47,36339.51,45541.6,25615.39,35259.62,3854.85,,88,4,4,55,34,34
CELIO ANTONIO DA SILVEIRA,19/09/1959,masculino,33763.0,249268.07000000004,18102.06,29238.3,30935.93,27982.39,31959.23,18044.17,17332.28,17806.01,16854.28,40969.73,43.69,,88,4,0,31,7,6
CELSO SABINO DE OLIVEIRA,29/08/1978,masculino,33763.0,350349.08999999997,35687.11,41271.47,41719.51,35533.17,53029.49,42929.38,37781.33,16249.92,14266.05,31829.16,52.5,,77,15,9,28,17,13
CELSO MALDANER,30/08/1953,masculino,33763.0,317478.19999999995,24680.2,30121.77,39390.58,32327.41,41007.63,27013.34,28086.87,25892.83,22344.17,45612.04,1001.36,,82,10,5,22,3,1
CELSO UBIRAJARA RUSSOMANNO,20/08/1956,masculino,33763.0,173626.18999999997,5918.88,28583.18,23440.72,32244.15,24383.53,25438.32,19954.21,5651.37,1220.62,6791.21,0.0,,89,3,1,30,8,3
CHARLLES THOMACELLI EVANGELISTA,27/12/1984,masculino,33763.0,272031.91,22449.08,36430.49,47122.47,36668.39,49948.09,24701.1,21331.84,25587.97,1432.93,6359.55,0.0,,88,4,0,27,9,4
ANTONIO CEZAR CORREIA FREIRE,12/12/1973,masculino,33763.0,325836.30999999994,37003.29,36167.38,38256.8,50290.01,47505.37,20781.53,34316.1,29210.0,16683.05,14273.67,1349.11,,85,7,7,38,39,39
CHARLES FERNANDES SILVEIRA SANTANA,15/03/1965,masculino,33763.0,323285.96,24256.26,47976.68,50658.86,46560.45,48292.35,27745.84,27027.0,19586.71,19284.11,10381.44,1516.26,,90,2,1,35,6,6
CHRISTINO AUREO DA SILVA,26/04/1962,masculino,33763.0,364334.75000000006,35707.47,43836.64,42917.16,48167.17,53926.39,32622.07,26143.21,21788.64,18368.8,40258.88,598.32,,87,5,0,22,14,7
FRANCISCO JOSÉ D'ANGELO PINTO,11/02/1953,masculino,33763.0,284234.88999999996,31896.36,27273.29,30877.95,43620.43,41207.47,32636.24,30772.24,20679.4,17903.83,6817.68,550.0,,83,9,6,31,36,34
JOÃO FRANCISCO INÁCIO BRAZÃO,22/02/1962,masculino,33763.0,291545.15,5628.16,25886.77,61019.13,45809.13,49940.05,27195.38,11919.52,9234.91,18890.85,36021.25,0.0,,84,8,8,50,4,4
LUIZ ARMANDO SCHROEDER REIS,23/06/1957,masculino,33763.0,243119.71999999994,12148.5,26826.54,33216.85,48925.26,49749.39,25127.17,20027.71,10975.22,4534.03,9709.47,1879.58,,84,8,4,40,1,1
CLÁUDIO CAJADO SAMPAIO,01/12/1963,masculino,33763.0,319967.49999999994,25338.77,40167.84,53444.52,42649.6,27640.24,33006.34,28893.21,31157.71,9849.66,27619.61,200.0,,81,11,1,24,3,1
CLEBER VERDE CORDEIRO MENDES,10/05/1972,masculino,33763.0,275663.95999999996,14582.42,18944.35,47074.36,45118.81,99276.9,13222.16,16834.74,8782.05,4751.79,7076.38,0.0,,91,1,0,15,19,19
LUIS ANTONIO FRANCISCATTO COVATTI,25/07/1987,masculino,33763.0,354596.62000000005,39901.49,64904.76,45888.49,45547.51,61494.69,34354.07,35673.58,7646.43,612.0,17873.82,699.78,,89,3,3,33,13,12
JOÃO CHRISÓSTOMO DE MOURA,23/06/1959,masculino,33763.0,368076.13,43569.56,50409.86,41654.5,41798.47,49488.53,35493.95,36213.06,25552.93,16022.94,27378.01,494.32,,89,3,3,68,35,35
MARCIO TADEU ANHAIA DE LEMOS,30/09/1965,masculino,33763.0,331923.00000000006,37359.64,45903.08,33260.17,32063.81,48565.66,27237.62,25482.15,17392.78,17775.38,28430.4,18452.31,,88,4,4,61,14,14
DAGOBERTO NOGUEIRA FILHO,21/07/1955,masculino,33763.0,388891.7400000001,33968.57,43913.03,45172.41,46082.3,39158.72,43879.61,41129.03,39057.91,31905.09,24585.9,39.17,,80,12,0,4,0,0
CRISTIANO DUTRA VALE,10/04/1970,masculino,33763.0,339850.12999999995,20452.98,49639.93,30338.48,43108.68,49829.99,38126.87,26721.78,30470.89,32141.42,18563.85,455.26,,80,12,0,25,8,3
JOSIAS MARIO DA VITORIA,02/06/1971,masculino,33763.0,342528.51000000007,39721.75,61373.19,36361.78,48373.97,37143.23,27515.03,30632.01,27567.15,23415.71,8098.49,2326.2,,89,3,3,0,0,0
GLAUSKSTON BATISTA RIOS,22/12/1973,masculino,33763.0,242210.77,10991.8,11824.0,26296.76,43887.86,121027.92,6316.73,6012.78,307.54,1.58,15543.8,0.0,,73,19,8,10,4,0
DAMIÃO FELICIANO DA SILVA,28/04/1952,masculino,33763.0,299356.24000000005,33696.89,30513.3,45137.92,53251.62,39985.25,21830.0,19723.61,12971.79,10939.09,30722.02,584.75,,81,11,1,29,31,24
GLAUBER DE MEDEIROS BRAGA,26/06/1982,masculino,33763.0,249152.28000000003,17256.11,31524.84,46990.34,41104.72,43161.14,26199.0,21782.77,8772.04,3355.87,9005.45,0.0,,88,4,1,46,19,16
GUILHERME MUSSI FERREIRA,14/10/1982,masculino,33763.0,167339.76,13411.67,40786.13,29938.94,21082.66,27120.16,3643.94,8274.08,7555.1,5000.2,10287.16,239.72,,55,37,22,0,3,1
LUIZ GONZAGA PATRIOTA,26/04/1946,masculino,33763.0,377421.30999999994,23321.92,41059.43,44638.78,37071.52,47392.53,33365.05,14810.82,24895.76,15356.6,28298.48,67210.42,,80,12,6,28,32,25
JOSÉ GUILHERME NEGRÃO PEIXOTO,13/11/1961,masculino,33763.0,256610.23,20164.29,32606.94,19433.99,27096.29,44132.42,31276.49,28081.91,26381.12,12089.61,14182.0,1165.17,,92,0,0,20,12,12
LUIZ AUGUSTO CARVALHO RIBEIRO FILHO,16/02/1982,masculino,33763.0,300709.54000000004,7595.71,72060.11,19440.13,61050.02,53501.99,62592.98,9368.45,5296.21,4189.16,5614.78,0.0,,76,16,6,9,20,17
JOÃO CARLOS SOARES GURGEL,02/12/1980,masculino,33763.0,304315.98999999993,30854.01,50602.99,53138.7,41056.98,41300.2,29009.3,16063.62,23894.73,4534.47,13654.2,206.79,,91,1,1,45,9,9
GUSTAVO BONATO FRUET,18/04/1963,masculino,33763.0,372531.1299999999,51898.88,69808.76,56026.78,68837.63,47334.53,23097.35,16604.91,8174.92,2810.21,27565.23,371.93,,91,1,0,26,1,1
HEITOR RODRIGO PEREIRA FREIRE,08/10/1981,masculino,33763.0,428893.05999999994,44459.28,22147.14,58578.83,44388.99,47573.98,24699.86,52243.35,24034.75,32084.1,78682.78,0.0,,79,13,0,21,50,30
GUTEMBERG REIS DE OLIVEIRA,09/09/1979,masculino,33763.0,333354.79000000004,31811.03,37058.19,39957.54,35397.82,39003.29,35548.76,35184.9,23289.89,18535.79,35373.06,2194.52,,80,12,12,28,19,19
HAROLDO ALVES CAMPOS,11/05/1953,masculino,33763.0,206440.6,36917.58,38592.67,38415.39,17064.17,17838.49,26371.35,30980.95,260.0,,,,,37,4,4,0,0,0
HÉLIO FRANCISCO DA COSTA,03/03/1954,masculino,33763.0,364538.82,30626.82,25895.84,42089.22,59253.62,53304.15,42968.62,28285.02,47223.51,18135.05,13005.76,3751.21,,86,6,0,41,15,11
HEITOR JOSE SCHUCH,25/03/1962,masculino,33763.0,320324.09,17534.05,27229.69,41738.13,47628.1,71235.9,26290.08,28128.15,20506.74,19998.13,18646.87,1388.25,,78,14,2,27,8,4
HELDER IGNACIO SALOMAO,08/03/1964,masculino,33763.0,288776.51,22858.7,46569.54,43715.68,35739.34,39193.71,25804.13,25901.62,20309.17,15007.85,13093.49,583.28,,88,4,1,35,20,11
HENRIQUE FONTANA JÚNIOR,18/01/1960,masculino,33763.0,243460.56000000003,15878.57,12589.61,38772.48,30692.56,39615.05,29232.23,31433.45,19791.3,9180.71,16274.6,0.0,,87,5,2,10,10,8
HELIO LEITE DA SILVA,09/12/1957,masculino,33763.0,315255.89,38353.51,33114.24,50848.23,40083.76,82360.81,17710.54,18649.82,15787.41,9334.72,8622.84,390.01,,86,6,3,26,39,39
HELIO FERNANDO BARBOSA LOPES,28/03/1969,masculino,33763.0,330068.75,26662.7,20129.73,20908.71,15959.57,126009.87,40424.07,19559.06,19728.52,21207.48,18877.17,601.87,,85,7,5,11,21,19
HERMES PARCIANELLO,25/04/1958,masculino,33763.0,323233.62999999995,23550.01,91180.85,21686.73,22782.96,98142.11,27564.61,19639.11,9399.11,6442.33,2845.81,0.0,,76,16,11,0,24,24
HERCÍLIO ARAÚJO DINIZ FILHO,14/09/1963,masculino,33763.0,0,0.0,0.0,0.0,0.0,0.0,0.0,0.0,0.0,0.0,0.0,0.0,,55,37,8,11,23,2
HERCULANO CASTILHO PASSOS JUNIOR,04/08/1956,masculino,33763.0,365289.60000000003,64568.22,41807.38,37578.21,27556.28,42217.44,32275.57,29438.11,26350.96,36350.3,26507.24,639.89,,87,5,2,38,12,4
HUGO LEAL MELO DA SILVA,06/08/1962,masculino,33763.0,260480.80999999997,40671.93,32691.99,28417.24,37481.29,39390.8,39996.77,11917.66,7954.59,11414.08,10130.61,413.85,,83,9,7,70,32,31
HILDO AUGUSTO DA ROCHA NETO,22/04/1960,masculino,33763.0,330754.1599999999,37771.29,41668.52,63474.79,41172.58,35711.78,37398.45,27224.54,14043.48,2003.75,29767.5,517.48,,88,4,1,47,13,12
HIRAN MANUEL GONCALVES DA SILVA,19/06/1957,masculino,33763.0,375045.20999999996,34740.26,45379.55,50365.66,68428.93,60380.39,35706.97,31871.73,12574.08,14926.1,20671.54,0.0,,77,15,11,27,21,18
JOSÉ ROBERTO OLIVEIRA FARO,20/06/1969,masculino,33763.0,346823.36000000004,50640.64,51528.8,51595.33,38245.47,56264.93,15343.49,16815.59,14152.72,12879.36,11197.03,28160.0,,82,10,10,5,17,17
HUGO MOTTA WANDERLEY DA NÓBREGA,11/09/1989,masculino,33763.0,303968.73000000004,42647.3,52115.97,50321.06,50233.24,33832.88,19843.09,21744.93,18363.15,3236.29,10960.3,670.52,,78,14,5,0,24,18
LUIZ BENES LEOCADIO DE ARAUJO,22/04/1966,masculino,33763.0,352784.66,32697.33,37181.8,51640.86,47232.83,43851.34,39594.2,33482.93,21709.18,17997.68,27006.51,390.0,,88,4,1,35,8,6
ALCIBIO MESQUITA BIBO NUNES,09/01/1957,masculino,33763.0,441683.86000000004,36377.5,114136.35,111815.04,46216.96,43243.88,31393.94,31363.41,20069.13,5421.62,1646.03,0.0,,90,2,0,33,23,21
HUMBERTO REZENDE PEREIRA,14/11/1977,masculino,33763.0,317620.57,31302.38,37733.45,46071.17,46424.41,43050.57,37786.28,29839.31,16128.37,5877.55,23407.08,0.0,,87,5,3,29,45,42
CARLOS ALBERTO DE SOUSA ROSADO SEGUNDO,01/02/1982,masculino,33763.0,416075.13,38508.13,49871.28,47518.82,51520.3,44584.4,32245.6,35040.79,36239.48,26275.26,54271.07,0.0,,77,15,2,18,16,7
ELVINO JOSÉ BOHN GASS,05/02/1962,masculino,33763.0,362192.5900000001,30693.35,43896.78,51772.61,63215.02,45029.72,40093.42,35113.72,22679.14,13260.28,15328.65,1109.9,,90,2,0,24,15,15
OLAVO BILAC PINTO NETO,08/06/1963,masculino,33763.0,366957.2799999999,38107.55,39391.23,36766.95,36370.18,36320.33,35989.93,35978.06,36058.35,36004.29,35970.41,0.0,,80,12,7,54,10,7
UBIRAJARA DO PINDARÉ ALMEIDA SOUSA,01/11/1968,masculino,33763.0,390682.8599999999,20679.85,23825.08,34402.73,76284.21,96746.0,27251.8,28044.88,18372.93,31746.67,33253.23,75.48,,82,10,0,21,36,26
NICOLINO BOZZELLA JUNIOR,17/08/1980,masculino,33763.0,331580.49,31567.57,39636.09,43735.1,36718.08,40304.87,30143.9,40029.84,26482.22,25062.37,16682.72,1217.73,,83,9,1,42,14,9
JOÃO BOSCO DA COSTA,28/09/1950,masculino,33763.0,381415.20999999996,31663.79,50001.03,50347.54,42678.14,42852.09,50270.89,42871.55,39751.16,27086.09,3892.93,0.0,,88,4,2,37,9,9
JOÃO BOSCO GOMES SARAIVA,10/10/1959,masculino,33763.0,442571.13,36572.34,70842.66,44263.27,65965.82,34723.62,32000.51,62345.58,33068.34,15213.66,45530.25,2045.08,,71,21,18,16,10,9
ALBERTO BARROS CAVALCANTE NETO,05/05/1982,masculino,33763.0,268303.1,10761.97,32144.12,50784.42,59974.73,36167.69,18635.29,18846.91,9376.93,3645.06,27765.98,200.0,,88,4,2,66,4,3
CARLOS FELIPE VAZQUEZ DE SOUZA LEÃO,03/11/1979,masculino,33763.0,370012.26,30097.59,41252.22,49713.11,49721.69,45749.21,41212.41,38074.0,37034.37,15768.01,21168.63,221.02,,71,21,16,12,17,14
CARLOS CAMILO GÓES CAPIBERIBE,23/05/1972,masculino,33763.0,340932.1099999999,57270.81,54545.96,40139.58,50674.76,29912.43,32899.67,36174.05,9998.8,8076.55,21239.5,0.0,,89,3,0,67,25,20
FABIO ABREU COSTA,31/12/1972,masculino,33763.0,414345.91,27176.43,43044.36,37886.06,54828.28,65451.97,38676.13,33219.21,38283.53,44917.64,30711.58,150.72,,90,2,1,56,9,9
JOSE AUGUSTO ROSA,04/10/1966,masculino,33763.0,303574.67,32590.99,32708.93,42982.94,38181.18,46093.18,19473.47,21678.43,15614.72,14321.17,37351.04,2578.62,,85,7,4,29,41,39
GUILHERME MURARO DERRITE,10/10/1984,masculino,33763.0,318335.79,33369.05,48294.13,42375.69,37535.61,31336.58,34084.37,31084.94,27610.7,13353.72,19291.0,0.0,,90,2,2,21,0,0
CARLOS ALBERTO CHIODINI,08/03/1982,masculino,33763.0,263536.36000000004,21142.87,33080.35,34458.92,35659.6,28696.29,31410.11,38827.88,16920.33,11149.03,11990.98,200.0,,85,7,3,25,14,8
CARLOS GOMES BEZERRA,04/11/1941,masculino,33763.0,192492.79,17099.28,55229.53,0.0,2047.03,848.36,647.0,59074.08,57547.51,,,,,29,0,0,0,0,0
WAGNER SOUSA GOMES,21/01/1979,masculino,33763.0,226591.13999999998,55521.07,32236.66,11029.18,12950.64,18376.97,6416.85,14045.83,76013.94,,,,,31,2,2,0,1,1
Carlos Roberto Coelho de Mattos Júnior,08/02/1982,masculino,33763.0,196997.96000000002,17012.14,21954.01,27544.0,16413.28,29052.38,31940.35,20649.2,10845.1,8669.75,11732.54,1185.21,,84,8,5,10,0,0
ANTONIO CARLOS GOMES DA SILVA,13/06/1972,masculino,33763.0,272520.63,18748.87,25578.63,34691.71,31224.22,55517.35,34811.05,23121.54,21226.21,9739.25,16929.54,932.26,,92,0,0,21,6,4
CARLOS HENRIQUE AMORIM,21/04/1961,masculino,33763.0,379726.43,38480.4,54727.25,51686.19,49827.56,38169.71,34594.12,36583.75,31857.0,13993.12,27863.38,1943.95,,79,13,12,33,25,24
JOSE MARIO SCHREINER,08/02/1961,masculino,33763.0,323143.92000000004,32378.68,34131.0,35150.44,34335.14,33895.08,34419.78,30802.48,30264.95,28822.57,28943.8,0.0,,90,2,1,23,19,18
CARLOS HENRIQUE FOCESI SAMPAIO,31/03/1963,masculino,33763.0,317099.5,25615.74,56684.49,51456.2,45438.4,42806.53,22600.9,21181.85,14951.58,15364.01,20999.8,0.0,,87,5,4,14,5,5
JOSÉ NOBRE GUIMARÃES,13/02/1957,masculino,33763.0,333700.79000000004,35580.92,49264.7,53330.78,44056.16,39099.98,40522.75,38743.31,5167.09,5484.15,22450.95,0.0,,87,5,0,30,7,6
JOSÉ NUNES SOARES,18/12/1950,masculino,33763.0,152004.37999999998,51304.13,44699.63,41468.03,14382.59,0.0,150.0,,,,,,,37,0,0,0,0,0
JOSE ANTONIO DOS SANTOS MEDEIROS,19/03/1970,masculino,33763.0,425982.1699999999,41612.96,57092.54,53792.4,51560.09,69600.74,44189.19,32055.2,28733.6,28925.42,18420.03,0.0,,91,1,0,13,12,12
JOSÉ NELTO LAGARES DAS MERCEZ,19/09/1960,masculino,33763.0,359343.92,18842.7,31027.78,65930.97,33393.0,58347.09,9066.4,44447.74,45204.58,52635.69,447.97,0.0,,76,16,7,11,33,27
JOSÉ ALVES ROCHA,18/08/1948,masculino,33763.0,341547.78,25275.02,33000.03,37777.87,42689.97,36822.12,29942.35,43118.28,38255.35,34624.45,20042.34,0.0,,82,10,0,43,44,30
JOSÉ BENITO PRIANTE JÚNIOR,02/12/1963,masculino,33763.0,244951.04,14028.01,21611.02,36293.55,46059.11,26042.21,30264.32,17847.28,45184.97,5617.88,1912.68,90.01,,74,18,15,2,0,0
JOSÉ RICARDO WENDLING,23/06/1964,masculino,33763.0,382583.27,47539.51,48226.11,44947.97,40154.45,56607.85,45635.99,32568.83,18088.42,9458.98,36000.03,3355.13,,87,5,1,52,3,2
JOSIMAR CUNHA RODRIGUES,13/11/1976,masculino,33763.0,164211.32000000004,36371.45,47905.56,52338.19,17061.07,511.98,4108.54,3611.78,2302.75,,,,,41,2,2,0,0,0
JOSEILDO RIBEIRO RAMOS,23/08/1957,masculino,33763.0,400810.50999999995,60500.14,44516.13,51988.63,37649.8,23871.94,49876.84,34364.16,32616.98,28446.92,36561.73,417.24,,84,8,5,33,2,2
JOSIAS GOMES DA SILVA,14/10/1956,masculino,33763.0,244965.93999999997,37812.96,42560.03,33851.36,34320.23,29429.08,28432.62,38159.66,400.0,,,,,53,15,1,14,14,8
GULLIEM CHARLES BEZERRA LEMOS,05/01/1976,masculino,33763.0,289412.75999999995,38644.26,43307.15,46413.68,34292.95,40271.63,18048.99,23755.06,10112.59,13734.9,20831.55,0.0,,82,10,7,11,15,13
JOSIVALDO DOS SANTOS MELO,29/11/1983,masculino,33763.0,282252.87,21390.12,50216.34,66242.26,54516.89,31532.54,14146.15,9948.48,25223.1,5493.0,3348.14,195.85,,88,4,0,29,6,0
JUAREZ ALVES DA COSTA,20/01/1960,masculino,33763.0,292602.49000000005,33762.77,33266.96,40259.36,37858.68,49103.29,26328.45,25776.41,20924.48,16871.27,8450.82,0.0,,76,16,2,30,14,4
JÚLIO CÉSAR DELGADO,18/11/1966,masculino,33763.0,245184.33,23586.52,35296.45,33823.83,34364.11,56841.53,17475.27,17669.93,11169.38,4631.02,9882.75,443.54,,91,1,1,48,31,31
JÚLIO CÉSAR DE CARVALHO LIMA,25/08/1948,masculino,33763.0,331420.9,48212.84,33482.83,56838.12,35813.07,40211.43,44250.16,29186.93,16972.21,8076.85,18376.46,0.0,,86,6,2,29,3,2
JULIO CESAR RIBEIRO,24/02/1975,masculino,33763.0,264972.41000000003,26890.1,28619.85,35118.26,31477.2,38418.47,33269.13,13143.92,14635.22,24623.7,18776.56,0.0,,87,5,3,60,12,6
JOÃO FERRARI JÚNIOR,13/07/1967,masculino,33763.0,101409.58,8680.31,8762.84,8003.19,21597.73,19604.33,15478.69,6864.46,622.21,109.48,11236.54,449.8,,90,2,2,9,3,3
ROGERIO TEIXEIRA JUNIOR,23/10/1976,masculino,33763.0,341582.64999999997,33072.15,34365.28,31977.44,39661.39,44814.09,26560.48,25486.9,17046.65,12279.37,74480.11,1838.79,,90,2,2,25,22,22
GERALDO JUNIO DO AMARAL,30/06/1987,masculino,33763.0,181155.78,18060.29,15136.46,25610.69,31335.45,31129.39,17956.64,18110.53,6532.7,3657.75,12777.63,848.25,,91,1,0,30,0,0
JOSE JUSCELINO DOS SANTOS REZENDE FILHO,06/11/1984,masculino,33763.0,391234.28,39558.44,52848.98,44643.51,50698.44,48470.78,55791.11,40356.17,36000.27,18177.58,4637.09,51.91,,85,7,3,1,1,1
JOSE LOURENÇO BOMFIM JUNIOR,18/10/1978,masculino,33763.0,329934.5399999999,11881.07,43757.09,56694.99,32636.52,44333.41,47598.39,27942.49,30668.11,18880.73,15541.74,0.0,,54,38,26,0,21,20
ANTÔNIO LUIZ RODRIGUES MANO JÚNIOR,16/04/1985,masculino,33763.0,272434.42000000004,35529.67,16147.74,37180.59,37869.41,76496.63,42600.85,18616.9,5577.94,2414.69,0.0,0.0,,67,25,17,6,33,30
LAFAYETTE LUIZ DOORGAL DE ANDRADA,17/10/1966,masculino,33763.0,384049.4199999999,29251.73,39861.64,52826.59,42134.64,41334.11,44226.72,44285.13,35678.49,26877.94,24405.7,3166.73,,87,5,0,59,27,27
KIM PATROCA KATAGUIRI,28/01/1996,masculino,33763.0,206487.41999999998,15889.67,9310.42,32389.53,35453.98,36648.4,30223.62,22699.49,16601.85,3139.41,4131.05,0.0,,84,8,4,62,15,12
LAERCIO JOSÉ DE OLIVEIRA,15/04/1959,masculino,33763.0,308813.67,20598.89,31888.12,37935.34,49827.18,37808.58,37653.44,39566.37,25894.47,5389.55,18814.62,3437.11,,72,20,6,16,12,7
ELIEL MÁRCIO DO CARMO,26/10/1973,masculino,33763.0,271484.62,31696.46,33415.26,37481.58,36954.21,40691.83,31408.7,21963.05,10012.55,6213.1,20620.89,1026.99,,79,13,8,12,21,20
LEONARDO CUNHA DE BRITO,13/04/1979,masculino,33763.0,424565.89999999997,64865.56,69430.57,43427.25,44023.23,56266.09,40451.85,28627.98,32993.68,24136.85,19519.34,823.5,,86,6,2,36,14,9
LEONARDO BARRETO DE MORAES,11/01/1984,masculino,33763.0,221773.94000000003,13458.24,17561.59,41858.77,39472.79,46876.47,27265.7,10199.77,4604.15,1514.89,18486.41,475.16,,81,11,3,61,6,1
LEUR ANTONIO DE BRITTO LOMANTO JUNIOR,28/10/1976,masculino,33763.0,350641.16000000003,30310.76,39689.23,42708.93,44491.12,47331.8,40167.99,35099.32,30877.77,25888.18,13973.4,102.66,,82,10,4,29,54,43
JOSÉ LEÔNIDAS DE MENEZES CRISTINO,03/06/1957,masculino,33763.0,283044.62999999995,32267.47,34350.83,36617.13,40189.49,36516.96,25613.05,35368.62,14652.5,7798.15,18180.68,1489.75,,85,7,0,48,23,18
JOSÉ LEONARDO COSTA MONTEIRO,09/10/1951,masculino,33763.0,370539.54000000004,30287.88,38974.45,44293.05,49461.68,42783.49,32773.39,37659.13,39429.92,28141.96,26644.63,89.96,,90,2,0,78,33,31
LOURIVAL GOMES DE ALMEIDA,22/07/1955,masculino,33763.0,314643.56,14519.64,25717.22,37716.76,46990.2,74614.42,33015.39,23533.31,15875.95,17628.0,24074.18,958.49,,86,6,3,14,7,5
LINCOLN DINIZ PORTELA,03/11/1953,masculino,33763.0,301526.94,24877.94,37260.0,27687.95,33349.11,37659.28,37644.95,32037.05,27785.28,19637.79,23587.59,0.0,,86,6,1,9,0,0
LOESTER CARLOS GOMES DE SOUZA,21/09/1982,masculino,33763.0,427809.14,51222.08,55278.77,68803.71,41378.22,24009.95,28151.93,27178.56,45367.11,40789.46,45225.17,404.18,,66,26,25,8,0,0
LUCAS DE CASTRO SANTOS,08/04/1987,masculino,33763.0,228649.05,22480.5,18432.79,22998.58,21079.17,26003.4,20905.29,18201.85,23018.52,21902.15,33626.8,0.0,,67,25,0,19,70,58
LUCAS DE VASCONCELOS GONZALEZ,21/12/1988,masculino,33763.0,141356.57999999996,14001.15,13315.11,17768.47,23175.15,28588.17,17992.12,7639.28,4616.15,6645.82,7490.33,124.83,,88,4,2,31,16,15
LUCAS BELLO REDECKER,26/05/1981,masculino,33763.0,297861.04000000004,18366.95,19763.29,37306.39,48214.9,50732.7,27914.6,43469.68,18833.03,14310.9,17733.59,1215.01,,85,7,3,49,6,2
LUCIO ANTONIO MOSQUINI,23/07/1969,masculino,33763.0,317655.33999999997,22814.86,37943.72,37277.68,33863.39,52954.34,60039.82,35256.76,13602.35,5303.46,17979.22,619.74,,65,27,9,7,14,4
LUCIANO CALDAS BIVAR,29/11/1944,masculino,33763.0,184311.36000000002,18381.42,23290.8,31445.95,19048.08,43618.09,14831.36,14148.53,7726.22,9042.28,2778.63,0.0,,51,41,0,0,0,0
LUCIANO DUCCI,23/03/1955,masculino,33763.0,325541.91000000003,46474.19,48810.14,35792.35,32052.26,47967.64,31152.19,36214.31,17713.75,17321.87,12043.21,0.0,,83,9,9,28,21,21
LUIZ ANTONIO C. C. CORRÊA DA SILVA,27/12/1940,masculino,33763.0,338551.92000000004,26760.26,53909.91,51960.94,55507.32,43817.25,22011.84,15741.5,14642.31,13891.12,39344.26,965.21,,92,0,0,15,15,13
LUIS HENRIQUE DE OLIVEIRA RESENDE,23/07/1971,masculino,33763.0,214082.99999999997,25577.63,20154.79,16280.7,21384.26,23717.87,83724.33,12724.71,1700.3,2096.25,246.71,6475.45,,65,27,0,0,1,1
LUIS CLAUDIO FERNANDES MIRANDA,27/03/1980,masculino,33763.0,198128.85000000003,16743.53,33704.02,30605.59,26090.58,21766.24,23916.74,17430.46,16138.85,4746.41,6649.23,337.2,,91,1,0,65,0,0
MARCO AURELIO BERTAIOLLI,30/04/1968,masculino,33763.0,206196.99000000002,28128.86,30235.56,22907.7,47414.1,40248.99,17222.16,7514.38,7024.35,3337.0,2163.89,0.0,,88,4,3,26,3,3
MÁRCIO COSTA MACÊDO,18/09/1970,masculino,33763.0,170636.1,0.0,16787.66,27268.99,38765.68,38156.83,35940.77,13716.17,0.0,,,,,52,2,1,8,6,4
MÁRCIO CARLOS MARINHO,12/12/1970,masculino,33763.0,377422.19999999995,28608.42,24612.71,87100.11,35803.17,42787.11,34980.07,29850.24,23287.44,13207.27,54226.75,2958.91,,74,18,7,21,11,6
MARCOS ANTONIO PEREIRA,04/04/1972,masculino,33763.0,171852.68999999997,33000.03,21288.53,42830.84,19781.81,31532.05,17820.2,2744.05,883.19,735.01,978.18,258.8,,79,13,0,32,8,2
DIONILSO MATEUS MARCON,21/09/1964,masculino,33763.0,358429.31,33805.52,34685.04,46776.77,67340.35,43567.04,42706.44,25113.89,25890.66,17413.91,19958.86,1170.83,,82,10,9,41,11,6
MARCOS AURÉLIO  PÁDUA RIBEIRO GONÇALVES DE SAMPAIO,19/09/1991,masculino,33763.0,305743.51999999996,37229.73,45797.72,35296.78,47661.27,43605.72,29896.24,19412.64,13864.08,13561.1,19248.24,170.0,,86,6,3,3,50,45
MARLON ARATOR SANTOS DA ROSA,25/09/1975,masculino,33763.0,341132.31,24466.62,19158.58,27520.14,82930.62,59334.2,35941.42,30893.15,15236.67,14231.43,30169.78,1249.7,,63,29,20,7,7,3
MAURÍCIO ALEXANDRE DZIEDRICKI,26/07/1979,masculino,33763.0,378904.42000000004,28557.96,41243.96,59588.36,44634.78,61628.19,34814.58,28693.5,28155.6,27746.72,23740.77,100.0,,90,2,1,11,28,20
MARIO S. M. NEGROMONTE JR.,31/08/1980,masculino,33763.0,284307.76,26386.19,33065.98,33489.75,58105.2,54891.47,26596.75,27166.91,10040.39,1001.41,13563.71,0.0,,71,21,2,7,15,7
MÁRIO LÚCIO HERINGER,30/09/1954,masculino,33763.0,274347.67999999993,35777.47,30872.8,52890.28,44007.32,33664.82,25044.69,27897.92,11606.96,7490.7,5000.0,94.72,,78,14,11,38,24,22
ANTONIO DA CRUZ FILGUEIRA NETO,25/04/1992,masculino,33763.0,420209.75,52702.54,51161.51,54284.92,48630.65,43394.41,32253.04,34492.26,31643.88,27540.63,42959.03,1146.88,,76,16,4,17,29,16
MARX BELTRÃO LIMA SIQUEIRA,28/11/1979,masculino,33763.0,286848.74000000005,43947.39,60863.33,59802.08,39037.85,24587.92,10485.07,8409.92,2.48,198.65,39514.05,0.0,,83,9,3,32,28,24
MILTON COELHO DA SILVA NETO,21/12/1964,masculino,33763.0,415186.29000000004,41372.83,54381.3,41283.16,61001.85,69046.75,36898.77,32238.51,31948.13,25293.35,20799.93,921.71,,73,19,9,13,13,8
CARLOS MAURO BENEVIDES FILHO,09/03/1959,masculino,33763.0,259295.91,21129.13,18098.14,36566.13,44445.37,32089.23,29659.65,21607.31,13765.35,7891.6,33025.01,1018.99,,88,4,0,28,1,0
MAURO RIBEIRO LOPES,24/05/1936,masculino,33763.0,327838.68000000005,29210.99,42786.99,43725.4,42443.21,51164.98,31636.03,29963.37,26198.94,19363.5,11345.27,0.0,,84,8,8,20,24,24
MAURO NAZIF RASUL,30/01/1959,masculino,33763.0,103039.65000000001,4235.25,3815.58,13417.43,17031.41,26117.27,21453.99,8734.3,4519.14,1.25,3256.45,457.58,,91,1,1,36,25,25
MERLONG SOLANO NOGUEIRA,17/09/1958,masculino,33763.0,326197.01000000007,32534.86,34007.17,65910.85,49741.86,44576.54,33550.37,18790.8,882.39,2185.46,41562.14,2454.57,,83,9,1,49,20,15
MIGUEL LOMBARDI,29/01/1964,masculino,33763.0,217790.83,21529.06,20198.21,30632.06,38065.72,45564.65,12768.86,16882.42,10720.35,11587.9,7771.1,2070.5,,92,0,0,59,13,13
MILTON VIEIRA PINTO,16/09/1962,masculino,33763.0,285124.17,15104.76,24431.95,43074.46,32806.86,43685.44,26364.39,34727.21,27787.62,21615.96,15525.52,0.0,,76,16,7,20,15,10
ANTONIO CARLOS NICOLETTI,21/07/1981,masculino,33763.0,372203.94,38016.72,67484.95,68546.23,46662.93,44145.52,29902.09,21903.43,14408.35,16165.84,24630.72,337.16,,75,17,16,59,31,31
NEUCIMAR FERREIRA FRAGA,26/06/1966,masculino,33763.0,359860.52999999997,34545.81,33612.52,49129.99,55029.76,67613.75,35393.03,21575.54,12366.55,10463.83,38274.81,1854.94,,87,5,4,68,7,7
NEY LEPREVOST NETO,26/10/1973,masculino,33763.0,250300.45,28018.44,32989.51,37760.39,35739.57,26480.21,19925.2,69342.63,44.5,,,,,58,8,2,51,4,0
NELSON NED PREVIDENTE,14/02/1960,masculino,33763.0,324683.5299999999,51552.78,56554.42,57033.13,51660.97,58746.46,6365.91,10378.0,3887.61,6650.92,19712.6,2140.73,,79,13,4,20,0,0
MISAEL ARTUR FERREIRA VARELLA,27/11/1959,masculino,33763.0,298825.35,40550.65,28772.67,39473.99,36515.71,55694.58,22863.7,26098.84,9549.21,6139.63,32867.48,298.89,,72,20,4,2,11,9
NEWTON CARDOSO JUNIOR,11/11/1979,masculino,33763.0,282055.81999999995,62781.95,58116.52,45506.36,30662.5,33316.42,24375.56,21306.96,5675.41,213.73,73.61,26.8,,85,7,6,25,13,12
NEREU CRISPIM,21/07/1963,masculino,33763.0,420924.99,52892.77,67730.02,46926.51,36681.89,35764.37,43612.55,21861.94,16947.45,12990.65,84534.84,982.0,,76,16,1,36,30,14
NERI GELLER,07/11/1968,masculino,33763.0,327355.60000000003,26016.06,29783.49,39536.45,41096.72,45632.52,37712.93,29857.26,35665.64,22036.3,18384.59,1633.64,,60,32,18,25,25,18
ONYX DORNELLES LORENZONI,03/10/1954,masculino,33763.0,146437.17,2593.42,28196.18,26612.67,21776.63,21981.35,21195.51,7837.63,15591.09,652.69,,,,54,15,15,11,15,15
OSMAR JOSÉ SERRAGLIO,23/05/1948,masculino,33763.0,322631.42000000004,19077.7,29207.4,26130.41,20067.8,44531.69,51037.47,44790.12,55420.83,11647.4,19012.2,1708.4,,90,2,0,18,6,5
OSIRES RODRIGUES DAMASO,16/04/1963,masculino,33763.0,257099.87,31408.43,40910.15,58301.89,73416.69,21231.6,1370.5,28450.28,2010.33,,,,,53,7,7,28,17,14
NILTO IGNACIO TATTO,31/07/1963,masculino,33763.0,333008.38,21771.11,30106.02,49511.22,34833.12,65168.75,26285.28,25096.49,26593.94,14143.77,35412.98,4085.7,,87,5,1,28,21,17
OLIVAL HENRIQUE MARQUES DE SOUZA,09/01/1982,masculino,33763.0,348705.13000000006,64969.14,46736.63,44780.36,30622.11,46335.41,33972.17,36328.22,102.58,52.03,44758.25,48.23,,81,11,5,14,22,21
NIVALDO FERREIRA DE ALBUQUERQUE NETO,07/01/1988,masculino,33763.0,393548.06999999995,51142.75,32527.8,36723.4,44128.8,45988.02,40122.75,36721.32,36428.86,25644.56,44119.81,0.0,,67,25,15,3,24,19
ODAIR JOSÉ DA CUNHA,18/06/1976,masculino,33763.0,312278.47000000003,55346.62,34653.62,37546.58,42542.21,34172.8,29794.44,18443.73,32816.78,7463.12,18905.38,593.19,,83,9,3,10,5,4
NILSON PINTO DE OLIVEIRA,25/03/1952,masculino,33763.0,340817.41000000003,39664.04,46872.66,56655.2,37457.02,35301.13,36143.13,32546.53,26440.59,14982.99,14304.13,449.99,,77,15,15,26,39,39
ORLANDO SILVA DE JESUS JUNIOR,27/05/1971,masculino,33763.0,347684.93,34078.45,50115.29,48011.52,36761.9,35143.24,42254.79,31343.85,29333.12,17559.57,22948.2,135.0,,86,6,0,55,31,29
OTONI MOURA DE PAULO JUNIOR,22/11/1976,masculino,33763.0,313906.30000000005,29251.54,38621.21,33877.22,38157.3,34241.98,39525.24,32193.49,28983.36,14438.89,24616.07,0.0,,84,8,4,22,15,10
LUIZ CARLOS GOMES DOS SANTOS JUNIOR,16/08/1979,masculino,33763.0,319812.15,60278.28,45102.92,59103.24,25424.98,22413.28,4801.02,102688.43,0.0,,,,,,,,,,
OSSESIO JOSE DA SILVA,09/12/1954,masculino,33763.0,332249.81,22856.08,32967.51,44885.09,44251.03,42878.97,36165.64,32571.0,36167.25,16417.17,20995.13,2094.94,,91,1,1,40,24,24
JOSE OTACI BARROSO DO NASCIMENTO,18/08/1977,masculino,33763.0,376012.81,34097.64,49392.31,48210.97,34983.27,71884.29,52613.86,34187.15,24172.09,19176.44,7294.79,0.0,,74,18,14,9,39,36
OSMAR GASPARINI TERRA,18/02/1950,masculino,33763.0,353671.24,33397.85,46176.89,34640.39,49625.96,53227.35,32297.67,37884.2,36597.23,7240.39,15804.5,6778.81,,78,14,1,51,20,1
OTTO ROBERTO MENDONÇA DE ALENCAR FILHO,07/07/1977,masculino,33763.0,330138.13,28191.31,32661.13,41179.54,35834.47,40153.83,38194.37,35104.11,30226.34,27484.62,19263.73,1844.68,,85,7,0,38,8,5
LUIZ CARLOS MOTTA,24/04/1959,masculino,33763.0,202712.51,14042.14,18661.32,24345.26,27399.17,56728.5,17013.5,17082.53,5413.05,9042.24,12724.51,260.29,,84,8,8,25,25,25
LUIZ EDUARDO CARNEIRO DA SILVA DE SOUZA LIMA,10/12/1977,masculino,33763.0,266078.96,31403.73,29475.83,44044.7,36275.81,37791.57,25474.97,22228.02,13587.63,12264.36,13532.34,0.0,,92,0,0,58,1,1
MARCEL VAN HATTEM,08/11/1985,masculino,33763.0,98535.89000000001,8123.69,12211.18,13243.58,12804.33,14137.18,10989.52,6481.38,8305.85,1594.95,9969.54,674.69,,92,0,0,73,17,4
MARCELO HENRIQUE TEIXEIRA DIAS,16/02/1974,masculino,33763.0,286809.79,30085.79,36472.63,48468.84,34529.84,42150.69,25388.43,21373.22,20519.82,20596.13,6614.84,609.56,,82,10,10,12,5,5
LUIZ GOULARTE ALVES,06/06/1962,masculino,33763.0,285525.16000000003,17529.81,25209.26,27551.78,33767.73,60114.45,51834.55,20110.94,22280.94,15181.93,10898.43,1045.34,,83,9,3,79,7,4
LUIZ HILOSHI NISHIMORI,09/04/1949,masculino,33763.0,330074.38,26662.66,40716.7,40962.2,48292.97,35368.39,19045.34,23509.88,23445.46,13016.89,59053.89,0.0,,70,22,3,19,13,7
LUIZ PHILIPPE DE ORLEANS BRAGANÇA,03/04/1969,masculino,33763.0,237438.19999999998,19234.16,41336.91,21511.75,44161.2,47173.05,7449.77,24167.48,10538.27,769.81,21095.8,0.0,,83,9,9,26,7,7
MARCELO GUILHERME DE ARO FERREIRA,12/06/1987,masculino,33763.0,309023.43,26986.31,36645.34,47099.34,36707.5,41663.07,44619.68,30286.71,26697.75,14022.88,4270.13,24.72,,84,8,5,10,49,47
VITOR HUGO DE ARAUJO ALMEIDA,31/05/1977,masculino,33763.0,248371.66,16432.6,26263.43,32192.06,24370.73,53974.9,20455.63,20521.9,18883.41,19878.69,14201.72,1196.59,,87,5,0,3,0,0
MARCELO CALERO FARIA GARCIA,07/07/1982,masculino,33763.0,194585.56999999998,1.1,0.0,29402.3,28404.63,33524.41,20206.58,29621.93,26800.12,25447.67,1176.83,,,65,5,0,52,30,23
MARCELO RIBEIRO FREIXO,12/04/1967,masculino,33763.0,227587.0,25371.5,37740.75,19009.57,39407.4,37663.26,20187.89,24073.45,6438.59,3826.9,13867.69,0.0,,87,5,5,4,14,14
JOSÉ MARCELO DO NASCIMENTO NILO,26/04/1955,masculino,33763.0,368184.17000000004,61106.1,34937.85,36268.18,40958.43,35389.33,43742.38,26510.69,33743.64,26004.96,25061.2,4461.41,,80,12,6,13,2,0
MARCELO PIRES MORAES,07/08/1979,masculino,33763.0,215345.92,15903.33,44958.34,24488.41,24420.07,33677.36,32417.15,26539.86,4190.21,4950.67,3800.52,0.0,,87,5,2,16,19,16
MÁRCIO JERRY SARAIVA BARROSO,14/11/1966,masculino,33763.0,167499.18000000002,20971.05,47522.26,31931.29,25964.48,19440.27,14973.54,6427.26,269.03,,,,,63,5,3,21,14,14
MARCIO LUIZ ALVINO DE SOUZA,14/06/1969,masculino,33763.0,134.51000000000002,0.65,10.41,24.07,12.54,20.48,24.95,21.49,16.96,2.96,0.0,0.0,,92,0,0,3,2,2
MARCELO RAMOS RODRIGUES,29/08/1973,masculino,33763.0,393024.04,20242.76,39354.81,57067.23,41462.69,41579.55,62349.92,61760.73,26114.33,23392.5,19485.56,213.96,,82,10,2,2,7,7
MÁRCIO DA SILVEIRA LABRE,27/02/1974,masculino,33763.0,257654.8,31765.87,30612.66,43142.47,38731.34,39322.53,28005.0,17658.24,14921.61,10479.54,2959.53,56.01,,88,4,2,40,15,15
MARCIO DELLA VALLE BIOLCHI,23/05/1979,masculino,33763.0,328745.98000000004,29839.52,27502.09,37568.05,60835.16,62647.47,28392.17,39477.13,22006.65,9774.7,9645.25,1057.79,,82,10,2,1,7,7
PEDRO DEBONI LUPION MELLO,04/06/1983,masculino,33763.0,310649.76,6990.56,44793.64,46634.0,51461.51,41298.48,35147.53,27135.2,18926.03,17431.98,20830.83,0.0,,80,12,3,62,7,6
PEDRO AUGUSTO PALARETI,08/05/1963,masculino,33763.0,367671.53,45002.25,41793.92,40476.1,35738.01,40011.13,27595.55,37061.8,25670.21,26631.48,47691.08,0.0,,58,34,4,0,0,0
PEDRO OLIVEIRA CUNHA LIMA,15/08/1988,masculino,33763.0,54842.81,15105.4,6552.71,19551.73,4675.93,7482.04,744.31,730.69,0.0,,,,,39,4,4,0,1,1
PEDRO LUCAS ANDRADE FERNANDES RIBEIRO,01/11/1979,masculino,33763.0,364636.72,35356.92,46331.54,47765.23,40146.04,35975.34,30438.93,45067.84,23587.48,20171.86,25619.46,14176.08,,81,11,1,45,20,12
PEDRO TORRES BRANDÃO VILELA,01/05/1985,masculino,33763.0,403054.99,31328.35,40549.36,55871.88,58384.84,42801.44,30516.96,34120.1,39606.51,35100.26,33402.57,1372.72,,85,7,2,43,26,21
PEDRO PAULO CARVALHO TEIXEIRA,29/06/1972,masculino,33763.0,251007.52,51163.43,42918.65,43675.67,42675.89,12939.06,27396.36,30238.46,0.0,,,,,63,5,5,15,12,12
PEDRO FRANCISCO UCZAI,10/03/1963,masculino,33763.0,311583.4,32367.32,27996.85,29187.49,18046.24,52327.88,47932.03,39574.89,34048.81,9759.62,19368.58,973.69,,82,10,1,48,43,31
DARCI POMPEO DE MATTOS,12/07/1958,masculino,33763.0,358380.95,41231.74,59462.92,49369.15,33109.82,73003.33,28978.11,25956.45,17821.83,16082.73,12802.87,562.0,,89,3,1,65,54,43
ANTÔNIO PINHEIRO NETO,30/05/1991,masculino,33763.0,295320.62999999995,34997.43,48213.22,38778.05,35564.82,34383.72,26281.37,23988.24,21895.37,8254.43,22120.56,843.42,,91,1,0,20,5,1
JOZIEL FERREIRA CARLOS,22/04/1966,masculino,33763.0,337007.74,26284.98,21925.42,46651.94,55224.11,45817.36,25815.11,24873.87,32404.12,21329.86,35691.44,989.53,,88,4,4,35,42,42
ALCIDES RIBEIRO FILHO,25/10/1953,masculino,33763.0,341806.61,33108.61,33113.89,48105.19,48107.0,48112.75,33107.36,36344.43,15569.34,12097.38,31074.94,3065.72,,85,7,7,37,24,24
ISRAEL MATOS BATISTA,02/05/1982,masculino,33763.0,268808.04,24294.73,25264.69,33230.03,31069.74,44260.36,16543.25,15516.55,11331.89,12985.33,54311.47,0.0,,89,3,0,55,14,14
RAUL JEAN LOUIS HENRY JÚNIOR,06/06/1964,masculino,33763.0,289591.38999999996,38165.25,29302.36,30472.86,39228.39,44657.47,34719.45,33058.24,17205.35,5575.16,15158.34,2048.52,,86,6,0,36,27,21
RAIMUNDO MAGALHÃES COSTA,09/03/1961,masculino,33763.0,385527.77,31247.01,33852.56,35730.14,54251.36,59847.83,39948.97,38881.38,37224.96,30425.51,23741.54,376.51,,77,15,5,25,21,13
RAFAEL HUETE DA MOTTA,15/08/1986,masculino,33763.0,254312.04,22061.25,20987.07,32044.73,47323.12,38481.01,19788.15,28425.17,12569.51,12585.75,17680.35,2365.93,,80,12,7,27,25,21
RICARDO JOSÉ MAGALHÃES BARROS,15/11/1959,masculino,33763.0,287933.69,31383.94,29984.02,32699.54,38325.55,31338.43,31141.41,40542.02,28929.56,8765.2,14824.02,0.0,,85,7,0,27,16,12
REGINALDO LÁZARO DE OLIVEIRA LOPES,02/04/1973,masculino,33763.0,284845.43000000005,22866.69,27219.1,59587.46,50048.57,49989.97,35479.55,19697.6,15557.4,2969.06,1377.71,52.32,,77,15,0,4,60,55
RENILDO VASCONCELOS CALHEIROS,20/04/1959,masculino,33763.0,281851.27999999997,25389.44,33981.63,30867.82,32538.33,33726.63,37650.53,30620.56,25957.77,19988.78,9601.72,1528.07,,74,18,0,5,64,50
RICARDO IZAR JUNIOR,01/08/1968,masculino,33763.0,318098.3,21993.12,26040.58,36284.07,34496.42,82039.32,25193.31,14757.52,10691.35,11857.99,54744.62,0.0,,82,10,8,10,10,9
RICARDO CORREA DE BARROS,27/10/1959,masculino,33763.0,242925.61000000002,34114.07,35083.65,33217.15,47538.24,47361.51,22483.72,14839.35,3821.91,2615.91,1320.06,530.04,,82,10,2,16,11,8
RICARDO ZANATTA GUIDI,28/09/1977,masculino,33763.0,212087.75,20891.82,27553.59,25787.02,36603.04,34612.26,34669.08,20256.07,1117.85,489.75,9491.3,615.97,,92,0,0,27,13,11
PEDRO BANDARRA WESTPHALEN,19/12/1950,masculino,33763.0,378588.85,36518.28,54324.72,62114.31,50504.82,44251.67,34167.19,35224.3,25574.63,8729.07,22152.91,5026.95,,91,1,1,75,3,1
GILDENEMIR DE LIMA SOUSA,08/11/1971,masculino,33763.0,316273.64999999997,21687.15,23939.17,27502.58,30200.89,41443.63,96284.55,18286.41,23625.66,20193.95,13109.66,0.0,,74,18,14,12,21,18
FRANCISCO EURICO DA SILVA,12/09/1962,masculino,33763.0,342804.62,14408.85,34580.27,33487.4,61812.66,34367.09,44384.17,39009.4,33133.99,26233.24,21210.64,176.91,,86,6,3,36,4,2
JOÃO CARLOS SIQUEIRA,28/02/1967,masculino,33763.0,329067.45,18732.03,37477.94,34833.52,44831.86,54192.78,54866.82,25266.73,20811.94,30550.84,7502.99,0.0,,89,3,3,104,16,16
PATRUS ANANIAS DE SOUZA,26/01/1952,masculino,33763.0,333602.52,24018.54,39827.35,54717.6,54875.05,42393.82,34520.85,28314.93,23534.46,12411.86,17438.78,1549.28,,78,14,9,42,10,5
MARCO ANTÔNIO FELICIANO,12/10/1972,masculino,33763.0,237365.61,16409.3,15313.17,24167.42,22449.14,40447.31,43250.46,33839.75,21664.84,14490.61,5333.61,0.0,,85,7,0,38,12,6
MANOEL ISIDORIO DE SANTANA JUNIOR,28/07/1962,masculino,33763.0,122097.39,18985.98,7305.2,24819.7,17539.09,17263.62,14958.11,9351.19,6767.24,5107.26,0.0,0.0,,89,3,0,28,25,21
PAULO ABI-ACKEL,21/06/1963,masculino,33763.0,263582.33,50879.76,37955.13,37414.19,37784.96,34690.33,17048.14,19193.24,11703.0,7031.98,9800.9,80.7,,77,15,15,5,52,52
PAULO FERNANDO DOS SANTOS,15/09/1957,masculino,33763.0,222771.27000000002,17870.27,16725.9,32875.97,39024.79,33319.95,22766.87,23531.76,13785.48,14270.34,8103.75,496.19,,73,19,0,6,13,5
PAULO PEREIRA DA SILVA,24/02/1956,masculino,33763.0,308553.28,29383.01,37602.3,44450.75,46446.53,47674.81,19088.84,19977.9,19527.49,16302.91,27225.4,873.34,,46,46,0,2,24,11
PAULO EDUARDO LIMA MARTINS,20/04/1981,masculino,33763.0,91080.79000000001,3945.73,11259.49,14805.25,19018.57,2707.3,8218.59,11131.25,16570.06,22.25,3129.33,272.97,,91,1,1,25,0,0
PAULO VELLOSO DANTAS AZI,14/01/1963,masculino,33763.0,303819.27999999997,26573.17,22575.78,39470.93,54315.35,45960.76,40677.23,23921.98,20173.45,14938.36,15158.92,53.35,,84,8,4,40,25,22
PAULO EDUARDO MAESTRI BENGTSON,06/01/1974,masculino,33763.0,366770.47,24899.76,55324.78,56960.66,35093.13,30445.65,25398.99,50948.77,12321.28,10877.93,39272.42,25227.1,,74,18,0,36,45,32
PAULO GUSTAVO GANIME ALVES TEIXEIRA,19/04/1983,masculino,33763.0,47205.350000000006,5824.49,6334.72,7106.41,11947.54,5938.04,1814.9,903.97,4.58,3.16,7327.54,0.0,,91,1,0,42,19,18
PAULO ROBERTO FOLETTO,30/04/1956,masculino,33763.0,273795.01,0.19,51630.42,39961.07,33587.39,45223.11,39622.49,36912.19,26624.03,234.12,,,,60,10,3,27,19,14
PAULO ROBERTO FREIRE DA COSTA,14/02/1955,masculino,33763.0,187702.70999999996,28123.72,40814.59,34070.9,19783.12,41182.9,7628.08,363.7,7406.48,4265.11,4064.11,0.0,,74,18,10,21,11,9
Paulo Sérgio Ramos Barboza,18/10/1944,masculino,33763.0,308359.52999999997,31306.73,33083.48,45488.92,41894.52,40776.21,31441.15,25189.78,21649.26,20853.85,14891.88,1783.75,,75,17,4,51,40,17
PAULO JOSE CARLOS GUEDES,01/10/1970,masculino,33763.0,325411.6,50413.88,36385.16,43402.14,47827.78,41593.85,21450.49,21887.9,27132.68,21181.05,14036.67,100.0,,79,13,6,46,30,23
PAULO ROBERTO SEVERO PIMENTA,19/03/1965,masculino,33763.0,313815.81,41686.99,42323.66,49222.99,42354.53,32901.03,24113.63,31686.3,12308.5,7348.04,29691.83,178.31,,84,8,0,2,21,18
RICARDO AUGUSTO MACHADO DA SILVA,01/09/1985,masculino,33763.0,298965.98,46869.46,45084.75,38278.91,27339.96,44758.85,31421.18,25575.18,20837.8,14187.11,3170.84,1441.94,,89,3,3,51,14,14
LUIZ PAULO TEIXEIRA FERREIRA,09/05/1961,masculino,33763.0,321190.06999999995,40466.04,38234.76,37583.2,39346.86,42509.71,25284.11,20834.46,19352.1,7832.41,48080.49,1665.93,,84,8,8,73,37,37
PEDRO AUGUSTO GEROMEL BEZERRA DE MENEZES,11/10/1980,masculino,33763.0,328673.66,19734.06,28439.45,40556.3,67828.9,47398.69,35714.39,30671.96,28461.24,16759.0,10109.67,3000.0,,69,23,1,9,18,10
BENEDITO ROBERTO ALVES FERREIRA,27/05/1960,masculino,33763.0,230098.87999999998,33796.04,30363.13,35983.32,37144.68,34164.65,28065.77,19938.52,10559.32,83.45,,,,71,7,2,33,28,26
RICARDO TEOBALDO CAVALCANTI,18/10/1965,masculino,33763.0,352070.43000000005,75838.7,29031.88,30495.58,29669.48,37062.21,33057.3,33767.66,29421.01,26958.82,26767.79,0.0,,67,25,16,6,19,15
MARCOS ROBERIO RIBEIRO MONTEIRO,15/02/1970,masculino,33763.0,291173.02999999997,47590.17,43538.26,54646.16,42748.76,30958.46,28787.21,13260.89,3509.26,5301.74,20832.12,0.0,,81,11,5,37,22,18
RODRIGO COELHO,29/06/1980,masculino,33763.0,116520.00000000001,12678.98,21407.72,25770.44,13620.7,25418.03,7973.08,3227.19,8.21,1.82,6413.83,0.0,,92,0,0,81,9,4
ROBERTO ALVES DE LUCENA,18/04/1966,masculino,33763.0,343111.53,27341.46,32606.18,45748.0,61804.31,44824.77,33506.21,25809.69,16752.34,15560.73,37298.76,1859.08,,90,2,1,57,37,32
RODRIGO ANTONIO DE AGOSTINHO MENDONÇA,12/12/1977,masculino,33763.0,243424.51999999996,37494.76,31595.53,46417.62,42559.37,55888.64,7585.9,10901.08,10003.24,1.97,976.41,0.0,,87,5,0,89,10,5
ROGÉRIO CORREIA DE MOURA BAPTISTA,11/01/1958,masculino,33763.0,308243.81999999995,24911.46,32959.38,35823.09,33558.57,39922.11,30506.71,29548.85,32578.63,29736.38,17461.1,1237.54,,88,4,4,56,12,12
RODRIGO BATISTA DE CASTRO,15/07/1971,masculino,33763.0,298598.27999999997,29116.39,40257.88,37384.92,42822.4,46598.49,40201.06,31887.58,7204.14,7391.07,14196.79,1537.56,,85,7,3,19,28,24
RODRIGO FELINTO IBARRA EPITÁCIO MAIA,12/06/1970,masculino,33763.0,8507.74,8157.72,350.02,,,,,,,,,,,6,4,0,0,0,0
RONALDO MANCHADO MARTINS,21/01/1978,masculino,33763.0,124053.44,33317.39,30426.34,21309.71,39000.0,,,,,,,,,11,4,4,0,0,0
ROGÉRIO MENDONÇA,27/01/1953,masculino,33763.0,282751.98000000004,19071.55,19591.03,40202.77,23209.03,30598.89,32032.33,30699.45,29926.43,38113.63,18450.4,856.47,,84,8,3,46,5,3
RONALDO CARLETTO,05/01/1960,masculino,33763.0,275641.18,39853.86,37423.24,49246.61,35321.41,45779.44,16673.29,17006.88,22617.74,7609.31,2915.68,1193.72,,88,4,0,5,19,16
RUBENS OTONI GOMIDE,06/02/1956,masculino,33763.0,304009.07999999996,32770.27,38194.47,41561.05,46402.99,41744.76,29613.6,32364.01,12903.41,6861.72,21389.3,203.5,,75,17,12,11,21,19
VALDIR LUIZ ROSSONI,23/11/1952,masculino,33763.0,175496.02,38434.25,41023.76,24376.55,39059.07,29171.19,2729.46,701.74,0.0,,,,,42,19,13,0,1,1
RUBENS BUENO,23/05/1948,masculino,33763.0,270873.01,8067.94,32116.2,31184.36,37095.34,57749.32,33151.06,34635.51,8556.44,14706.88,7256.76,6353.2,,91,1,1,65,6,6
RUY MANUEL CARNEIRO BARBOSA DE ACA BELCHIOR,17/08/1970,masculino,33763.0,299989.39,20866.77,42973.86,56349.51,42187.85,35887.63,21876.48,14050.68,4363.86,559.91,60552.04,320.8,,79,13,1,17,17,8
RUI GOETHE DA COSTA FALCÃO,26/11/1943,masculino,33763.0,311086.64999999997,34561.93,52337.32,42161.06,44047.45,41707.8,30798.56,25457.29,16247.47,11762.34,11692.7,312.73,,87,5,5,46,9,9
RUBENS PEREIRA E SILVA JUNIOR,18/03/1984,masculino,33763.0,379416.30000000005,33232.76,43788.65,49953.73,46779.13,45113.71,44355.44,12257.09,27387.79,27391.12,28973.9,20182.98,,92,0,0,35,16,16
SANDRO ALEX CRUZ DE OLIVEIRA,25/11/1972,masculino,33763.0,180454.36999999997,31017.32,47899.43,24298.17,37183.26,10998.8,4916.86,23515.41,625.12,,,,,65,3,3,35,13,13
SAMUEL MOREIRA DA SILVA JUNIOR,09/02/1963,masculino,33763.0,285229.49999999994,18924.07,25557.73,40933.34,50610.63,38706.58,35099.02,21805.45,22925.53,7648.25,22973.66,45.24,,88,4,0,45,5,2
UBIRATAN ANTUNES SANDERSON,01/12/1969,masculino,33763.0,382879.91,37912.59,41503.33,53845.45,35943.44,48706.99,42505.85,39027.03,29437.05,28130.75,25044.97,822.46,,89,3,2,61,17,17
JOSÉ CARLOS NUNES JÚNIOR,26/05/1955,masculino,33763.0,381444.83999999997,34876.44,34076.57,52451.67,56019.27,49235.77,38194.51,39063.35,26889.26,23042.46,25907.53,1688.01,,77,15,0,1,0,0
WOLNEY QUEIROZ MACIEL,12/12/1972,masculino,33763.0,280787.52999999997,15044.01,25762.61,35336.53,30994.45,66224.67,21880.28,15898.6,18340.68,27414.61,23755.87,135.22,,82,10,0,2,38,33
JOSÉ WILSON SANTIAGO,10/06/1957,masculino,33763.0,328185.64999999997,30349.27,31771.02,37471.51,42306.88,41459.58,17270.03,59218.14,39103.16,6056.23,22582.64,597.19,,83,9,5,4,32,31
JOSE VITOR DE RESENDE AGUIAR,01/11/1984,masculino,33763.0,230560.33,26074.83,41836.76,29417.95,31715.89,26392.47,27638.6,9780.96,4941.65,5612.06,27149.16,0.0,,73,19,3,26,27,15
JOSÉ CERQUEIRA DE SANTANA NETO,30/03/1964,masculino,33763.0,337471.88000000006,50626.31,24451.08,44445.51,53822.92,32644.89,40002.57,24693.2,26270.76,8182.14,32332.5,0.0,,83,9,3,54,7,7
JOSÉ SILVA SOARES,11/05/1963,masculino,33763.0,272952.5,13589.72,23281.74,58030.74,45654.35,51011.56,24752.96,20633.31,16662.24,7130.92,12197.76,7.2,,81,11,7,46,48,42
SEBASTIAO IGNACIO DE OLIVEIRA JUNIOR,31/08/1968,masculino,33763.0,368210.8399999999,32611.71,61997.85,45761.75,50783.9,40852.42,33153.1,37014.05,32841.73,22279.93,10154.47,759.93,,61,31,0,2,19,9
JOSÉ CARLOS BECKER DE OLIVEIRA E SILVA,21/06/1978,masculino,33763.0,356842.76999999996,38999.73,33224.73,52793.19,47568.26,57184.71,29897.6,36352.08,15418.42,9981.12,34877.93,545.0,,75,17,7,9,26,22
GILSON CARDOSO FAHUR,06/11/1963,masculino,33763.0,235330.00000000003,26338.65,13404.82,31325.22,52086.32,24388.06,22309.23,29172.8,14543.32,12015.5,7356.54,2389.54,,92,0,0,27,2,2
SERGIO TOLEDO DE ALBUQUERQUE,29/01/1962,masculino,33763.0,288222.22,30247.71,39363.12,39439.74,40960.33,29762.44,19142.21,17310.55,25965.33,22299.28,23731.51,0.0,,47,45,1,1,21,1
SÉRGIO LUÍS LACERDA BRITO,08/06/1961,masculino,33763.0,350373.14,45663.6,42654.52,52570.85,42077.69,38621.82,34830.22,44740.63,15255.91,11831.58,20879.61,1246.71,,69,23,13,6,24,20
SERGIO DE SOUZA,13/03/1971,masculino,33763.0,358410.69999999995,44666.86,38116.97,56387.62,38979.42,54101.56,36334.73,28323.07,27848.37,7279.42,25087.44,1285.24,,84,8,4,20,0,0
SILAS CÂMARA,15/12/1962,masculino,33763.0,372291.46,53511.75,30068.31,89746.79,49917.31,26361.91,26004.72,3334.78,49845.67,36031.91,7468.31,0.0,,68,24,8,14,35,19
SEVERINO DE LIRA PESSÔA,06/02/1970,masculino,33763.0,349305.31,56448.73,40975.67,38983.26,51480.91,46528.02,20039.0,12962.54,10449.32,2.3,71435.56,0.0,,79,13,7,13,18,16
SIDNEY RICARDO DE OLIVEIRA LEITE,08/04/1967,masculino,33763.0,275944.45,8648.68,35886.24,88152.88,30161.65,54238.48,27619.45,17293.5,2933.41,2.45,10801.0,206.71,,84,8,8,59,7,7
STEFANO AGUIAR DOS SANTOS,03/03/1976,masculino,33763.0,285738.02999999997,32277.66,34395.67,41449.67,37761.02,36140.38,32186.87,29189.44,19927.58,17465.41,4443.71,500.62,,75,17,7,7,16,9
SILVIO SERAFIM COSTA FILHO,05/03/1982,masculino,33763.0,395483.24,30879.38,35595.55,50370.63,44280.75,48544.47,36480.91,35984.13,48988.28,27163.19,37195.95,0.0,,80,12,6,31,8,6
SOSTENES SILVA CAVALCANTE,16/01/1975,masculino,33763.0,301292.61,34347.99,36686.76,37385.24,34187.85,42574.72,33422.21,27180.57,16640.69,10097.79,28100.9,667.89,,90,2,1,22,53,50
Tiago Dimas Braga Pereira,04/08/1988,masculino,33763.0,339544.34,25207.06,42885.58,64235.29,54312.34,20107.35,27029.27,25908.66,11604.28,48026.14,14528.62,5699.75,,89,3,3,9,1,1
LUIZ GONZAGA RIBEIRO,31/05/1962,masculino,33763.0,322779.45999999996,22268.14,23651.34,37183.66,43427.86,54538.56,30205.1,35399.21,27745.12,24901.42,22874.33,584.72,,86,6,3,95,17,15
FRANCISCO TADEU BARBOSA DE ALENCAR,08/04/1963,masculino,33763.0,378169.9,33136.04,35605.24,47035.48,52313.5,53943.06,36506.38,38165.37,29185.97,35584.92,15975.43,718.51,,82,10,1,43,54,39
CARLOS TITO MARQUES CORDEIRO,17/11/1976,masculino,33763.0,278641.02,30501.3,31777.19,27564.37,31159.96,81946.39,12029.6,20240.56,18796.03,10779.49,12788.08,1058.05,,92,0,0,27,7,7
TIAGO LIMA MITRAUD DE CASTRO LEITE,15/08/1986,masculino,33763.0,27647.47,3566.57,3135.34,2309.4,2560.68,8067.83,4398.55,2855.86,216.89,191.77,344.58,0.0,,92,0,0,107,7,7
FRANCISCO EVERARDO TIRIRICA OLIVEIRA SILVA,01/05/1965,masculino,33763.0,193770.82000000004,10744.18,20999.68,20819.91,22736.94,28371.73,25748.36,27555.21,15056.32,13606.42,8132.07,0.0,,69,23,2,4,16,8
ULDURICO ALENCAR PINTO,30/01/1992,masculino,33763.0,401869.79999999993,5676.51,39129.5,29853.85,79759.43,19410.55,25244.16,35620.95,73478.81,37352.03,10205.83,46138.18,,77,15,5,5,18,12
ANTONIO WANDSCHEER,31/08/1950,masculino,33763.0,306818.61999999994,41777.79,39307.55,48754.02,48076.79,33128.88,24222.67,17864.61,13310.97,5376.98,34422.79,575.57,,81,11,7,3,2,2
TÚLIO GADÊLHA SALES DE MELO,12/11/1987,masculino,33763.0,384141.87,22201.56,33060.63,55862.54,51086.03,59826.44,34741.72,31903.99,31005.22,24904.26,33878.06,5671.42,,84,8,0,53,77,61
VANDER LUIZ DOS SANTOS LOUBET,22/01/1964,masculino,33763.0,319765.6,49425.1,33639.23,37451.17,39976.96,41545.38,38451.69,27215.78,9051.5,4483.21,37732.84,792.74,,87,5,2,13,10,9
FRANCISCO VAIDON OLIVEIRA,02/04/1975,masculino,33763.0,218995.33,23778.48,42615.45,43405.02,40762.03,60084.33,222.0,7500.0,628.02,,,,,54,7,3,3,10,8
VALMIR CARLOS DA ASSUNÇÃO,17/12/1964,masculino,33763.0,363239.05,44395.14,46537.39,44131.6,48258.75,36050.94,38814.68,34071.61,34806.12,17856.95,18203.94,111.93,,83,9,2,13,11,9
NELSI COGUETTO MARIA,01/03/1959,masculino,33763.0,357623.22000000003,40396.46,36014.91,46849.79,40603.35,52721.83,37782.35,27881.3,18738.35,27472.39,27447.81,1714.68,,85,7,4,16,3,3
VANDERLEI MACRIS,20/05/1950,masculino,33763.0,387872.53,58359.31,41010.69,35983.56,33429.65,34362.74,43973.37,39405.44,37712.64,27149.77,36103.24,382.12,,83,9,5,24,15,10
WAGNER BACH MARTINS,03/06/1982,masculino,33763.0,297239.54999999993,13175.53,18160.99,85161.64,31772.02,23536.01,37453.18,15004.74,9785.52,3587.11,59602.81,0.0,,82,10,8,16,16,10
VILSON LUIZ DA SILVA,01/05/1957,masculino,33763.0,248699.01999999996,13864.38,12202.47,12981.84,35640.68,38383.43,48646.12,35184.8,19061.99,16192.22,11829.03,4712.06,,88,4,1,59,5,3
VICENTE ALVES DE OLIVEIRA JUNIOR,11/04/1985,masculino,33763.0,407540.1,37276.44,39572.89,42368.97,39808.6,30327.75,41871.0,42317.27,33618.36,50378.82,50000.0,0.0,,69,23,23,15,23,23
VICENTE PAULO DA SILVA,08/04/1956,masculino,33763.0,302994.99,13501.99,33730.27,71585.86,35951.02,45465.67,34562.44,36569.02,17307.06,5656.42,8665.24,0.0,,83,9,2,19,16,14
VINICIUS LAZZER POIT,31/01/1986,masculino,33763.0,189090.62000000002,18431.82,19119.82,20091.36,22529.2,18953.4,13634.91,18453.31,20492.33,19267.75,18116.72,0.0,,86,6,1,25,8,4
VINICIUS RAPOZO DE CARVALHO,07/01/1966,masculino,33763.0,340688.73,41672.56,39581.43,57042.94,42691.74,36753.2,39290.07,35365.86,18744.31,15224.99,13918.24,403.39,,79,13,0,9,15,10
VINICIUS MEDEIROS FARAH,21/06/1965,masculino,33763.0,204118.87,8158.18,63507.53,16857.35,26990.19,4635.32,3.53,83285.68,681.09,,,,,47,21,18,12,34,29
WALTER PEREIRA ALVES,27/02/1980,masculino,33763.0,317763.78,16275.45,52068.25,43693.12,58063.77,58625.31,36037.87,19606.3,21869.88,3500.01,7812.68,211.14,,77,15,7,9,12,8
VITOR LIPPI,18/05/1959,masculino,33763.0,319291.0,24887.33,32569.74,36922.21,49406.16,47864.03,26402.16,27593.94,26251.12,26683.06,20513.25,198.0,,89,3,3,31,12,12
WALDENOR ALVES PEREIRA FILHO,08/03/1954,masculino,33763.0,274803.54000000004,28566.62,43501.52,49047.12,41518.06,42594.78,26126.51,17743.64,6816.73,7094.89,11213.89,579.78,,84,8,0,32,20,18
JOSÉ WELLINGTON ROBERTO,19/05/1959,masculino,33763.0,363026.31000000006,25689.37,50571.5,45460.46,46200.51,47674.96,32937.83,37926.77,12640.71,33901.72,30022.48,0.0,,64,28,1,0,26,16
WELITON FERNANDES PRADO,24/08/1975,masculino,33763.0,215735.14,45629.83,47215.79,38327.43,43865.45,23458.59,9586.59,1947.66,5313.92,389.88,0.0,0.0,,90,2,0,96,31,23
